Date,High,Low,Open,Close,Volume,Adj Close,50ma,100ma,200ma,Symbol
2019-01-03,73.66000366210938,72.30000305175781,72.94000244140625,72.7699966430664,3063500.0,70.50204467773438,70.50204467773438,70.50204467773438,70.50204467773438,AEP
2019-01-04,73.44000244140625,72.26000213623047,72.31999969482422,73.44000244140625,2857500.0,71.15116119384766,70.82660293579102,70.82660293579102,70.82660293579102,AEP
2019-01-07,73.20999908447266,72.44000244140625,72.94000244140625,73.02999877929688,3218400.0,70.75393676757812,70.80238087972005,70.80238087972005,70.80238087972005,AEP
2019-01-08,74.05000305175781,72.69000244140625,72.91999816894531,73.93000030517578,3605700.0,71.62588500976562,71.00825691223145,71.00825691223145,71.00825691223145,AEP
2019-01-09,74.25,73.08000183105469,73.73999786376953,73.37000274658203,3100400.0,71.08334350585938,71.02327423095703,71.02327423095703,71.02327423095703,AEP
2019-01-10,74.80000305175781,73.29000091552734,73.54000091552734,74.72000122070312,2285100.0,72.39127349853516,71.25127410888672,71.25127410888672,71.25127410888672,AEP
2019-01-11,74.76000213623047,73.81999969482422,74.76000213623047,74.44000244140625,2244000.0,72.1199951171875,71.37537711007255,71.37537711007255,71.37537711007255,AEP
2019-01-14,74.02999877929688,72.94999694824219,74.02999877929688,73.79000091552734,2764600.0,71.4902572631836,71.38973712921143,71.38973712921143,71.38973712921143,AEP
2019-01-15,75.45999908447266,73.72000122070312,73.80999755859375,75.37999725341797,2279500.0,73.03068542480469,71.57206471761067,71.57206471761067,71.57206471761067,AEP
2019-01-16,75.76000213623047,74.55999755859375,74.98999786376953,75.72000122070312,2727800.0,73.360107421875,71.75086898803711,71.75086898803711,71.75086898803711,AEP
2019-01-17,76.20999908447266,75.62999725341797,75.75,76.0,1779100.0,73.63137817382812,71.92182436856356,71.92182436856356,71.92182436856356,AEP
2019-01-18,76.5,75.66000366210938,76.37999725341797,76.08999633789062,2437900.0,73.71857452392578,72.07155354817708,72.07155354817708,72.07155354817708,AEP
2019-01-22,76.93000030517578,75.5199966430664,76.2300033569336,76.37999725341797,2275300.0,73.9995346069336,72.21985978346605,72.21985978346605,72.21985978346605,AEP
2019-01-23,77.08999633789062,76.19000244140625,76.25,77.01000213623047,2337800.0,74.60990142822266,72.3905770438058,72.3905770438058,72.3905770438058,AEP
2019-01-24,77.7699966430664,76.52999877929688,77.0999984741211,77.75,2047300.0,75.32683563232422,72.5863276163737,72.5863276163737,72.5863276163737,AEP
2019-01-25,78.0999984741211,76.58000183105469,77.37000274658203,76.80000305175781,2682000.0,74.40644836425781,72.70008516311646,72.70008516311646,72.70008516311646,AEP
2019-01-28,77.20999908447266,76.30000305175781,76.76000213623047,76.8499984741211,2159200.0,74.45488739013672,72.8033088235294,72.8033088235294,72.8033088235294,AEP
2019-01-29,77.41000366210938,76.51000213623047,77.12000274658203,76.97000122070312,2439300.0,74.57115173339844,72.90152231852214,72.90152231852214,72.90152231852214,AEP
2019-01-30,77.87000274658203,76.61000061035156,76.61000061035156,77.16000366210938,2449200.0,74.7552261352539,72.99908567729749,72.99908567729749,72.99908567729749,AEP
2019-01-31,79.61000061035156,76.77999877929688,77.2699966430664,79.12000274658203,5718900.0,76.65414428710938,73.18183860778808,73.18183860778808,73.18183860778808,AEP
2019-02-01,79.31999969482422,78.1500015258789,79.12000274658203,79.11000061035156,2630700.0,76.64444732666016,73.34672473725819,73.34672473725819,73.34672473725819,AEP
2019-02-04,79.5199966430664,78.1500015258789,78.62999725341797,79.47000122070312,2757600.0,76.99323272705078,73.51247510043058,73.51247510043058,73.51247510043058,AEP
2019-02-05,79.47000122070312,78.7300033569336,79.37000274658203,79.01000213623047,2658000.0,76.54756164550781,73.64443538499916,73.64443538499916,73.64443538499916,AEP
2019-02-06,79.47000122070312,78.52999877929688,78.81999969482422,79.20999908447266,1587700.0,76.74132537841797,73.77347246805827,73.77347246805827,73.77347246805827,AEP
2019-02-07,79.45999908447266,78.19999694824219,78.54000091552734,79.44999694824219,1871900.0,77.6304931640625,73.92775329589844,73.92775329589844,73.92775329589844,AEP
2019-02-08,80.08999633789062,79.0,79.13999938964844,80.0199966430664,1970300.0,78.18743896484375,74.09158736008864,74.09158736008864,74.09158736008864,AEP
2019-02-11,80.47000122070312,79.80000305175781,79.80000305175781,80.08999633789062,3914300.0,78.25582885742188,74.24581852665654,74.24581852665654,74.24581852665654,AEP
2019-02-12,80.8499984741211,79.51000213623047,80.19999694824219,80.30000305175781,2470300.0,78.46102905273438,74.39636175973075,74.39636175973075,74.39636175973075,AEP
2019-02-13,80.16999816894531,79.12999725341797,80.08000183105469,79.55000305175781,2779400.0,77.72821044921875,74.51125309385102,74.51125309385102,74.51125309385102,AEP
2019-02-14,79.94000244140625,79.20999908447266,79.79000091552734,79.3499984741211,2122400.0,77.53278350830078,74.61197077433268,74.61197077433268,74.61197077433268,AEP
2019-02-15,79.95999908447266,79.0199966430664,79.6500015258789,79.2699966430664,2740400.0,77.4546127319336,74.70366890199723,74.70366890199723,74.70366890199723,AEP
2019-02-19,80.22000122070312,79.12999725341797,79.4800033569336,80.08000183105469,2168300.0,78.2460708618164,74.81436896324158,74.81436896324158,74.81436896324158,AEP
2019-02-20,80.75,79.5999984741211,79.83000183105469,80.5199966430664,2218100.0,78.67598724365234,74.9313876990116,74.9313876990116,74.9313876990116,AEP
2019-02-21,81.31999969482422,80.02999877929688,80.19999694824219,81.1500015258789,1997300.0,79.29156494140625,75.05962820614086,75.05962820614086,75.05962820614086,AEP
2019-02-22,81.76000213623047,80.83000183105469,81.2699966430664,81.72000122070312,1828700.0,79.8485107421875,75.19645342145647,75.19645342145647,75.19645342145647,AEP
2019-02-25,81.72000122070312,80.37999725341797,81.58999633789062,80.77999877929688,3216800.0,78.93003845214844,75.30016411675348,75.30016411675348,75.30016411675348,AEP
2019-02-26,80.95999908447266,79.91000366210938,80.95999908447266,80.41999816894531,2083700.0,78.57827758789062,75.38876177813556,75.38876177813556,75.38876177813556,AEP
2019-02-27,80.69000244140625,79.94999694824219,80.0999984741211,80.62999725341797,1567000.0,78.7834701538086,75.47809620907432,75.47809620907432,75.47809620907432,AEP
2019-02-28,81.3499984741211,80.36000061035156,80.69999694824219,81.1500015258789,2523400.0,79.29156494140625,75.57587745862129,75.57587745862129,75.57587745862129,AEP
2019-03-01,81.47000122070312,80.62000274658203,81.11000061035156,81.4000015258789,2945100.0,79.53584289550781,75.67487659454346,75.67487659454346,75.67487659454346,AEP
2019-03-04,81.80999755859375,80.68000030517578,81.75,81.41999816894531,3054500.0,79.55537414550781,75.7695228762743,75.7695228762743,75.7695228762743,AEP
2019-03-05,81.38999938964844,80.66000366210938,81.30999755859375,81.02999877929688,2258900.0,79.17430877685547,75.85058920724052,75.85058920724052,75.85058920724052,AEP
2019-03-06,81.55000305175781,80.8499984741211,81.13999938964844,81.26000213623047,1892400.0,79.39904022216797,75.93311132386674,75.93311132386674,75.93311132386674,AEP
2019-03-07,82.19999694824219,81.2699966430664,81.5999984741211,81.44999694824219,2115400.0,79.58468627929688,76.01610166376287,76.01610166376287,76.01610166376287,AEP
2019-03-08,81.98999786376953,80.93000030517578,81.69000244140625,81.94999694824219,1721100.0,80.0732421875,76.10626034206814,76.10626034206814,76.10626034206814,AEP
2019-03-11,82.5999984741211,81.94999694824219,82.11000061035156,82.5999984741211,3831400.0,80.70835876464844,76.20630595995033,76.20630595995033,76.20630595995033,AEP
2019-03-12,83.41999816894531,82.56999969482422,82.98999786376953,83.11000061035156,2371600.0,81.20668029785156,76.31269690330993,76.31269690330993,76.31269690330993,AEP
2019-03-13,83.4000015258789,82.95999908447266,83.0,83.18000030517578,1781300.0,81.27507019042969,76.41607968012492,76.41607968012492,76.41607968012492,AEP
2019-03-14,83.7300033569336,82.66999816894531,83.1500015258789,82.9800033569336,2915400.0,81.07965850830078,76.51125475825096,76.51125475825096,76.51125475825096,AEP
2019-03-15,84.2699966430664,83.01000213623047,83.19999694824219,83.80999755859375,9901400.0,81.8906478881836,76.6188426208496,76.6188426208496,76.6188426208496,AEP
2019-03-18,83.86000061035156,83.05000305175781,83.80000305175781,83.4800033569336,3371900.0,81.56820678710938,76.84016586303711,76.71588897705078,76.71588897705078,AEP
2019-03-19,83.44000244140625,82.08000183105469,83.33999633789062,82.55999755859375,3855800.0,80.66926574707031,77.03052795410156,76.79191545339731,76.79191545339731,AEP
2019-03-20,83.58000183105469,82.41999816894531,82.93000030517578,82.87000274658203,3322800.0,80.97217559814453,77.23489273071289,76.87078828631707,76.87078828631707,AEP
2019-03-21,84.33999633789062,82.73999786376953,82.88999938964844,84.08999633789062,3243400.0,82.16423034667969,77.44565963745117,76.9688149911386,76.9688149911386,AEP
2019-03-22,85.70999908447266,84.33999633789062,84.58000183105469,85.13999938964844,3595300.0,83.190185546875,77.68779647827148,77.08193081942471,77.08193081942471,AEP
2019-03-25,85.63999938964844,84.91000366210938,85.26000213623047,85.31999969482422,2383800.0,83.3660659790039,77.90729232788085,77.19414751870292,77.19414751870292,AEP
2019-03-26,86.0,85.19000244140625,85.37000274658203,85.9800033569336,2166400.0,84.01094818115234,78.14511138916015,77.31374051278098,77.31374051278098,AEP
2019-03-27,86.0999984741211,84.83999633789062,86.02999877929688,85.2300033569336,3297400.0,83.27812957763672,78.38086883544922,77.41657480700263,77.41657480700263,AEP
2019-03-28,85.61000061035156,83.79000091552734,85.22000122070312,83.79000091552734,4990000.0,81.87110137939453,78.55767715454101,77.49207525738215,77.49207525738215,AEP
2019-03-29,83.9000015258789,83.27999877929688,83.5999984741211,83.75,4625700.0,81.83202362060547,78.72711547851563,77.56440773010254,77.56440773010254,AEP
2019-04-01,83.95999908447266,82.30000305175781,83.9000015258789,82.81999969482422,4769700.0,80.9233169555664,78.87295425415039,77.61947181576588,77.61947181576588,AEP
2019-04-02,83.27999877929688,82.36000061035156,83.22000122070312,83.08000183105469,3306400.0,81.1773681640625,79.02213012695313,77.67685724073841,77.67685724073841,AEP
2019-04-03,83.26000213623047,82.2300033569336,83.04000091552734,82.91000366210938,2771300.0,81.01126861572266,79.16236480712891,77.7297844054207,77.7297844054207,AEP
2019-04-04,83.26000213623047,82.1500015258789,83.26000213623047,82.62000274658203,2401200.0,80.72789764404297,79.28472473144531,77.77662992477417,77.77662992477417,AEP
2019-04-05,83.58999633789062,82.48999786376953,82.81999969482422,83.56999969482422,2194600.0,81.65613555908203,79.41131072998047,77.83631462684045,77.83631462684045,AEP
2019-04-08,83.61000061035156,82.66999816894531,83.37999725341797,83.1500015258789,3121000.0,81.24576568603516,79.54809707641601,77.88797297622219,77.88797297622219,AEP
2019-04-09,83.7699966430664,82.9800033569336,83.08000183105469,83.56999969482422,1898500.0,81.65613555908203,79.69212203979492,77.94421420880218,77.94421420880218,AEP
2019-04-10,84.48999786376953,83.16999816894531,83.9000015258789,83.3499984741211,1795000.0,81.44117736816406,79.82952255249023,77.99564013761632,77.99564013761632,AEP
2019-04-11,83.98999786376953,83.29000091552734,83.4000015258789,83.94000244140625,2757100.0,82.01766967773438,79.97477142333985,78.05393042080644,78.05393042080644,AEP
2019-04-12,84.2300033569336,83.04000091552734,83.52999877929688,84.1500015258789,2458800.0,82.22286224365234,80.08614578247071,78.11348658970424,78.11348658970424,AEP
2019-04-15,84.61000061035156,83.95999908447266,84.1500015258789,84.26000213623047,2425500.0,82.3303451538086,80.19986373901367,78.17287896384656,78.17287896384656,AEP
2019-04-16,84.52999877929688,82.79000091552734,84.05000305175781,83.05000305175781,2187000.0,81.14805603027344,80.28296020507813,78.21420086754694,78.21420086754694,AEP
2019-04-17,83.62999725341797,82.7300033569336,83.0999984741211,83.19999694824219,2094100.0,81.29461669921875,80.37790130615234,78.25639834469312,78.25639834469312,AEP
2019-04-18,83.56999969482422,82.8499984741211,83.02999877929688,83.01000213623047,2268200.0,81.10897064208984,80.46525421142579,78.29494661898227,78.29494661898227,AEP
2019-04-22,83.12999725341797,82.51000213623047,82.93000030517578,82.93000030517578,2320100.0,81.03079986572266,80.53326034545898,78.33142466227214,78.33142466227214,AEP
2019-04-23,83.69000244140625,82.66999816894531,83.0,83.56999969482422,2722700.0,81.65613555908203,80.60263427734375,78.37517085828279,78.37517085828279,AEP
2019-04-24,84.3499984741211,83.4000015258789,83.68000030517578,84.0199966430664,2292200.0,82.0958251953125,80.67943420410157,78.42349104447798,78.42349104447798,AEP
2019-04-25,85.16999816894531,83.45999908447266,83.5199966430664,84.83000183105469,2249400.0,82.88729095458984,80.76795944213868,78.48071924845378,78.48071924845378,AEP
2019-04-26,85.7699966430664,84.55999755859375,85.47000122070312,84.70999908447266,1761200.0,82.77003479003906,80.86879592895508,78.53501438189157,78.53501438189157,AEP
2019-04-29,84.66000366210938,83.77999877929688,84.44000244140625,84.04000091552734,1474600.0,82.1153793334961,80.96044784545899,78.57976894378662,78.57976894378662,AEP
2019-04-30,85.58000183105469,83.87000274658203,84.05999755859375,85.55000305175781,2545300.0,83.59080505371094,81.08317169189453,78.64163358711902,78.64163358711902,AEP
2019-05-01,85.5999984741211,84.6500015258789,85.20999908447266,84.94999694824219,2282600.0,83.00453186035156,81.17834091186523,78.69483966362185,78.69483966362185,AEP
2019-05-02,85.22000122070312,84.04000091552734,84.83000183105469,84.69999694824219,1789600.0,82.76026153564453,81.26002639770508,78.74382065003176,78.74382065003176,AEP
2019-05-03,85.51000213623047,84.62999725341797,84.86000061035156,85.43000030517578,1323200.0,83.47354888916016,81.34366607666016,78.80012693859283,78.80012693859283,AEP
2019-05-06,85.66999816894531,84.5999984741211,85.54000091552734,84.83000183105469,1993800.0,82.88729095458984,81.4044416809082,78.84821122113397,78.84821122113397,AEP
2019-05-07,85.01000213623047,84.41999816894531,84.97000122070312,84.62999725341797,1808700.0,82.69186401367188,81.47967819213868,78.8929048582565,78.8929048582565,AEP
2019-05-08,84.48999786376953,83.52999877929688,84.41999816894531,83.7300033569336,3040300.0,81.81248474121094,81.54436233520508,78.92646324771574,78.92646324771574,AEP
2019-05-09,83.4800033569336,82.55999755859375,83.13999938964844,82.87000274658203,2452100.0,81.62533569335938,81.60119964599609,78.95713225277987,78.95713225277987,AEP
2019-05-10,84.81999969482422,82.66999816894531,82.98999786376953,84.66000366210938,2584500.0,83.3884506225586,81.68313735961914,79.00692234682234,79.00692234682234,AEP
2019-05-13,86.54000091552734,84.30000305175781,84.66000366210938,86.33999633789062,3566700.0,85.043212890625,81.79328475952148,79.07399224175347,79.07399224175347,AEP
2019-05-14,86.47000122070312,85.37000274658203,86.30000305175781,85.55999755859375,2403100.0,84.2749252319336,81.88767578125,79.13114535153566,79.13114535153566,AEP
2019-05-15,85.9800033569336,84.9800033569336,85.7699966430664,85.05000305175781,2169900.0,83.77259063720703,81.97964141845704,79.18159584377123,79.18159584377123,AEP
2019-05-16,85.86000061035156,84.76000213623047,84.98999786376953,85.4000015258789,1866600.0,84.11734008789062,82.07400741577149,79.2346683625252,79.2346683625252,AEP
2019-05-17,86.37000274658203,84.93000030517578,84.93000030517578,85.8499984741211,2212300.0,84.5605697631836,82.17352508544921,79.29132688806412,79.29132688806412,AEP
2019-05-20,86.7699966430664,85.87999725341797,86.19000244140625,86.5999984741211,2142000.0,85.29930114746094,82.27804626464844,79.35456872237356,79.35456872237356,AEP
2019-05-21,87.13999938964844,86.31999969482422,86.31999969482422,86.61000061035156,1768400.0,85.30916595458984,82.37006240844727,79.41659577687581,79.41659577687581,AEP
2019-05-22,87.37000274658203,86.47000122070312,86.7699966430664,87.29000091552734,1916600.0,85.97894287109375,82.4655076599121,79.4842488397028,79.4842488397028,AEP
2019-05-23,88.26000213623047,87.30999755859375,87.58000183105469,88.18000030517578,2037100.0,86.85557556152344,82.57711776733399,79.55946645931321,79.55946645931321,AEP
2019-05-24,89.01000213623047,87.91999816894531,88.1500015258789,88.29000091552734,1485000.0,86.96392822265625,82.6948031616211,79.63425900237729,79.63425900237729,AEP
2019-05-28,88.51000213623047,86.61000061035156,88.38999938964844,86.66999816894531,2650300.0,85.36825561523438,82.76435531616211,79.69159896850586,79.69159896850586,AEP
2019-05-29,87.20999908447266,85.3499984741211,87.05999755859375,85.69000244140625,2137400.0,84.4029769897461,82.82105072021484,79.83060829162598,79.73824627564686,AEP
2019-05-30,86.11000061035156,85.0999984741211,85.70999908447266,85.30000305175781,2341200.0,84.01884460449219,82.88804229736328,79.95928512573242,79.78021292592965,AEP
2019-05-31,86.37999725341797,85.37000274658203,85.56999969482422,86.12000274658203,2250000.0,84.82652282714844,82.96512924194336,80.10001098632813,79.82920622594148,AEP
2019-06-03,87.41999816894531,85.93000030517578,86.3499984741211,87.37000274658203,2216100.0,86.05774688720703,83.0429995727539,80.24432960510254,79.88909603999211,AEP
2019-06-04,87.26000213623047,85.26000213623047,87.13999938964844,87.05000305175781,1904600.0,85.7425537109375,83.09404693603516,80.39092170715332,79.94484325590588,AEP
2019-06-05,89.79000091552734,87.23999786376953,87.41000366210938,89.37000274658203,2155500.0,88.0277099609375,83.18727981567383,80.54728607177735,80.0210967153873,AEP
2019-06-06,90.25,89.30000305175781,89.5,90.0,1739600.0,88.64823913574219,83.28002563476562,80.71256851196289,80.10172421464296,AEP
2019-06-07,91.06999969482422,89.51000213623047,90.54000091552734,89.54000091552734,2274900.0,88.19515228271484,83.37836608886718,80.87961746215821,80.17666336342141,AEP
2019-06-10,89.31999969482422,88.62000274658203,89.30000305175781,89.0199966430664,1956700.0,87.6829605102539,83.49460327148438,81.0261402130127,80.24552847486024,AEP
2019-06-11,89.11000061035156,87.87999725341797,88.97000122070312,88.31999969482422,1988400.0,86.99347686767578,83.59783233642578,81.1624739074707,80.30687346024946,AEP
2019-06-12,89.73999786376953,88.86000061035156,88.88999938964844,89.38999938964844,1910900.0,88.04740142822266,83.7403140258789,81.30663414001465,80.37660794644742,AEP
2019-06-13,89.86000061035156,88.91000366210938,89.54000091552734,89.58999633789062,1794800.0,88.24439239501953,83.88165451049805,81.45189231872558,80.4468560218811,AEP
2019-06-14,90.87999725341797,89.66999816894531,89.81999969482422,90.58000183105469,1783800.0,89.21953582763672,84.04581985473632,81.60409233093262,80.52449035644531,AEP
2019-06-17,90.93000030517578,89.4000015258789,90.70999908447266,90.08000183105469,1835200.0,88.72704315185547,84.20580276489258,81.74526374816895,80.5964425739489,AEP
2019-06-18,90.79000091552734,89.16999816894531,90.66999816894531,89.77999877929688,2230100.0,88.43154907226562,84.34131103515625,81.87631088256836,80.66457393480384,AEP
2019-06-19,91.19000244140625,89.5199966430664,89.5199966430664,90.86000061035156,2394000.0,89.49533081054688,84.50630233764649,82.02719970703124,80.7407011492499,AEP
2019-06-20,91.69999694824219,90.26000213623047,91.26000213623047,90.87000274658203,2206800.0,89.50518035888672,84.66328323364257,82.17770263671875,80.81561122796474,AEP
2019-06-21,91.66000366210938,90.27999877929688,91.25,91.55000305175781,3885800.0,90.17496490478516,84.837958984375,82.33374076843262,80.89492778454797,AEP
2019-06-24,91.98999786376953,90.73999786376953,91.55999755859375,90.9000015258789,2709600.0,89.53472900390625,84.98830017089844,82.48153579711914,80.96753115613922,AEP
2019-06-25,91.19000244140625,90.12000274658203,90.94999694824219,90.37000274658203,2446200.0,89.01268768310547,85.1240966796875,82.6051212310791,81.03457412719726,AEP
2019-06-26,90.30999755859375,88.4000015258789,90.06999969482422,88.5,2895100.0,87.17076873779297,85.22090515136719,82.71038444519043,81.08528647935096,AEP
2019-06-27,88.86000061035156,87.63999938964844,88.51000213623047,87.9000015258789,3105800.0,86.57978057861328,85.32953964233398,82.80624992370605,81.13032331623015,AEP
2019-06-28,88.93000030517578,87.72000122070312,87.75,88.01000213623047,3815700.0,86.6881332397461,85.43740997314453,82.90765563964844,81.1755087627628,AEP
2019-07-01,88.2300033569336,87.08000183105469,87.98999786376953,88.12999725341797,2034200.0,86.80632781982422,85.55135711669922,83.0083056640625,81.22091859386813,AEP
2019-07-02,89.62999725341797,88.2699966430664,88.33999633789062,89.19000244140625,2083200.0,87.85041046142578,85.68774932861328,83.11050483703613,81.27395452880859,AEP
2019-07-03,90.69000244140625,89.58999633789062,89.66000366210938,90.13999938964844,1843300.0,88.78614044189453,85.83034942626954,83.21649185180664,81.33357505192832,AEP
2019-07-05,90.0999984741211,88.37999725341797,89.55999755859375,89.83999633789062,1758500.0,88.49064636230469,85.95824584960937,83.31884002685547,81.38992994413601,AEP
2019-07-08,90.27999877929688,89.5199966430664,90.08999633789062,89.93000030517578,1233500.0,88.57929992675781,86.07208602905274,83.42002273559571,81.44609689712524,AEP
2019-07-09,90.45999908447266,89.69000244140625,90.06999969482422,90.36000061035156,1532900.0,89.00283813476562,86.19674209594727,83.53276901245117,81.50467628656432,AEP
2019-07-10,91.33999633789062,90.22000122070312,90.52999877929688,90.80999755859375,1342000.0,89.44607543945312,86.3433560180664,83.6519019317627,81.56576397235577,AEP
2019-07-11,91.41999816894531,90.19000244140625,90.52999877929688,90.93000030517578,1813700.0,89.56427764892578,86.46282546997071,83.77299858093262,81.62682132866546,AEP
2019-07-12,91.13999938964844,89.80000305175781,90.9000015258789,90.25,1368200.0,88.89449310302734,86.58062469482422,83.87948280334473,81.6818794481682,AEP
2019-07-15,91.33999633789062,90.13999938964844,90.63999938964844,91.19000244140625,1901900.0,89.82037353515625,86.72182693481446,83.99092666625977,81.74307113303277,AEP
2019-07-16,91.16999816894531,89.95999908447266,90.7699966430664,90.51000213623047,1563200.0,89.15058135986328,86.83536758422852,84.08951683044434,81.79835106009868,AEP
2019-07-17,91.81999969482422,90.5999984741211,90.79000091552734,91.0199966430664,1788800.0,89.65291595458984,86.97068008422852,84.18756088256836,81.85653302228009,AEP
2019-07-18,91.81999969482422,90.2699966430664,90.9000015258789,91.76000213623047,1338300.0,90.3818130493164,87.12447906494141,84.30207862854004,81.91921890483184,AEP
2019-07-19,91.81999969482422,90.23999786376953,91.58000183105469,90.27999877929688,1693300.0,88.92403411865234,87.26671005249024,84.40553619384765,81.97034894288892,AEP
2019-07-22,90.56999969482422,89.38999938964844,90.4800033569336,90.12000274658203,1390800.0,88.76644134521484,87.40953216552734,84.50536590576172,82.01959598928258,AEP
2019-07-23,90.19999694824219,89.11000061035156,90.05000305175781,89.51000213623047,1732300.0,88.16560363769531,87.50507522583008,84.5941062927246,82.06381187164526,AEP
2019-07-24,89.87000274658203,88.62999725341797,89.8499984741211,89.61000061035156,2008400.0,88.26409912109375,87.56949295043945,84.68138885498047,82.10809963771275,AEP
2019-07-25,89.87000274658203,88.4800033569336,89.27999877929688,89.08000183105469,2252600.0,87.7420654296875,87.63883575439453,84.76325576782227,82.14805684191116,AEP
2019-07-26,89.45999908447266,88.63999938964844,88.73999786376953,88.94999694824219,2176500.0,87.614013671875,87.71566421508788,84.84765281677247,82.18654949564329,AEP
2019-07-29,89.83000183105469,88.83999633789062,89.27999877929688,89.73999786376953,1736300.0,88.39215087890625,87.8011604309082,84.93758392333984,82.22994530951226,AEP
2019-07-30,89.87999725341797,88.2699966430664,89.62000274658203,88.72000122070312,1691100.0,87.3874740600586,87.8576985168457,85.01561180114746,82.26576148139105,AEP
2019-07-31,89.16999816894531,87.44000244140625,88.58999633789062,87.80999755859375,2942800.0,86.49112701416016,87.88153503417969,85.07979064941406,82.2949019333412,AEP
2019-08-01,89.33999633789062,87.04000091552734,87.6500015258789,88.80999755859375,3433000.0,87.47611236572266,87.92487396240234,85.1474681854248,82.33038967602873,AEP
2019-08-02,89.7699966430664,88.58999633789062,89.3499984741211,88.69999694824219,1984300.0,87.36775970458984,87.95265029907226,85.20907897949219,82.36465749935228,AEP
2019-08-05,89.4800033569336,87.37999725341797,88.94999694824219,88.0199966430664,2944400.0,86.69798278808594,87.94949844360352,85.26330810546875,82.39393672427616,AEP
2019-08-06,89.51000213623047,87.23999786376953,88.0,89.13999938964844,2725600.0,87.80116271972656,87.96624313354492,85.33052314758301,82.43022683162818,AEP
2019-08-07,90.31999969482422,88.08000183105469,89.38999938964844,89.73999786376953,1945400.0,88.39215087890625,88.02672103881837,85.39553817749024,82.46997299194337,AEP
2019-08-08,89.79000091552734,88.0999984741211,88.81999969482422,89.51000213623047,3090500.0,88.82880401611328,88.1152375793457,85.46814414978027,82.51208445567958,AEP
2019-08-09,90.38999938964844,89.54000091552734,89.7699966430664,89.97000122070312,1597500.0,89.2853012084961,88.22056671142577,85.55430450439454,82.55664509221127,AEP
2019-08-12,90.66000366210938,89.8499984741211,90.12999725341797,90.43000030517578,1290200.0,89.7417984008789,88.3188722229004,85.64200073242188,82.60360687854244,AEP
2019-08-13,90.68000030517578,89.43000030517578,90.37999725341797,90.25,1810400.0,89.56317138671875,88.38898071289063,85.71599014282226,82.64879885586825,AEP
2019-08-14,90.56999969482422,88.08999633789062,90.08000183105469,88.4800033569336,4572300.0,87.806640625,88.43026245117187,85.76215469360352,82.68207525437877,AEP
2019-08-15,90.62000274658203,88.19999694824219,88.37999725341797,90.36000061035156,2874200.0,89.67233276367188,88.46315490722657,85.8252173614502,82.72688459738707,AEP
2019-08-16,90.79000091552734,90.0199966430664,90.47000122070312,90.2300033569336,2131000.0,89.54332733154297,88.48105667114258,85.8805411529541,82.7703014300887,AEP
2019-08-19,91.22000122070312,90.0,90.25,90.55000305175781,1734100.0,89.86088562011719,88.51437133789062,85.9463687133789,82.81517854521546,AEP
2019-08-20,91.05000305175781,90.08000183105469,91.0,90.7699966430664,1450400.0,90.07920837402344,88.56229629516602,86.0284497833252,82.86086426740923,AEP
2019-08-21,91.36000061035156,90.41000366210938,90.51000213623047,91.3499984741211,1332100.0,90.65479278564453,88.6355226135254,86.11667747497559,82.9095763206482,AEP
2019-08-22,91.45999908447266,90.61000061035156,91.27999877929688,90.97000122070312,1625600.0,90.2776870727539,88.68012832641601,86.21022117614746,82.95534098370474,AEP
2019-08-23,91.43000030517578,89.05000305175781,91.20999908447266,89.58000183105469,2253100.0,88.89826965332031,88.69320587158204,86.28743019104004,82.99202572857892,AEP
2019-08-26,90.8499984741211,89.51000213623047,89.69999694824219,90.83000183105469,1625500.0,90.13875579833984,88.7115902709961,86.37870506286622,83.03587069833206,AEP
2019-08-27,91.4000015258789,90.61000061035156,91.1500015258789,90.66999816894531,1339000.0,89.97997283935547,88.73664886474609,86.47122581481933,83.0782127845578,AEP
2019-08-28,90.94000244140625,89.51000213623047,90.94000244140625,89.62999725341797,4525300.0,88.94788360595703,88.74697555541992,86.54414329528808,83.11378654711174,AEP
2019-08-29,90.75,89.66000366210938,90.05999755859375,90.72000122070312,1856900.0,90.02959442138672,88.75766082763671,86.6319815826416,83.15544804033027,AEP
2019-08-30,91.5,90.30999755859375,91.0,91.1500015258789,2584700.0,90.4563217163086,88.77668365478516,86.71998344421387,83.19916584677325,AEP
2019-09-03,92.87000274658203,90.9800033569336,91.22000122070312,92.77999877929688,2043800.0,92.07391357421875,88.81466262817383,86.82631080627442,83.25199172610328,AEP
2019-09-04,93.2300033569336,92.30999755859375,93.0,93.05000305175781,1782700.0,92.34186553955078,88.87080535888671,86.92955276489258,83.3057779616858,AEP
2019-09-05,92.66999816894531,91.30000305175781,92.41000366210938,91.52999877929688,2318800.0,90.83342742919922,88.9072201538086,87.01565841674805,83.35005825267119,AEP
2019-09-06,91.97000122070312,90.73999786376953,91.55999755859375,91.08999633789062,1447900.0,90.39677429199219,88.97174026489257,87.09632270812989,83.3912671183982,AEP
2019-09-09,91.75,90.33999633789062,90.83000183105469,91.37999725341797,3278500.0,90.68456268310547,89.05383590698243,87.1916877746582,83.43366999958836,AEP
2019-09-10,91.30999755859375,90.08000183105469,91.05000305175781,91.08999633789062,3370100.0,90.39677429199219,89.12800872802734,87.28270935058593,83.47391915734792,AEP
2019-09-11,92.08000183105469,90.27999877929688,90.7300033569336,91.69000244140625,2003500.0,90.9922103881836,89.21172637939453,87.38154174804687,83.51712772764009,AEP
2019-09-12,92.70999908447266,91.68000030517578,92.41999816894531,92.0199966430664,1755700.0,91.31969451904297,89.28111206054687,87.48443069458008,83.56171382359096,AEP
2019-09-13,92.05000305175781,91.19000244140625,91.5999984741211,91.54000091552734,2014200.0,90.84335327148438,89.32225631713867,87.5763028717041,83.60308677499944,AEP
2019-09-16,92.16000366210938,90.94000244140625,91.86000061035156,91.70999908447266,2219300.0,91.01205444335938,89.37268447875977,87.66546516418457,83.64494534939696,AEP
2019-09-17,92.79000091552734,91.69999694824219,91.7699966430664,92.7300033569336,2788100.0,92.02429962158203,89.44158447265625,87.7568352508545,83.692020373398,AEP
2019-09-18,93.16000366210938,92.23999786376953,93.1500015258789,93.0199966430664,2969500.0,92.31208801269531,89.50776947021484,87.85225578308105,83.74017717585217,AEP
2019-09-19,93.37999725341797,93.02999877929688,93.23999786376953,93.18000030517578,1200200.0,92.47087097167969,89.56826538085937,87.95581069946289,83.78868103027344,AEP
2019-09-20,93.55999755859375,92.83999633789062,93.33000183105469,93.18000030517578,3147400.0,92.47087097167969,89.62639724731446,88.04461135864258,83.83664893050221,AEP
2019-09-23,93.83999633789062,92.94999694824219,92.94999694824219,93.4000015258789,1610400.0,92.68919372558594,89.70229125976563,88.14145797729492,83.88528928651914,AEP
2019-09-24,94.88999938964844,93.5,93.75,94.58999633789062,2195900.0,93.87013244628906,89.78328643798828,88.25255668640136,83.93985127099876,AEP
2019-09-25,94.80000305175781,93.87999725341797,94.5999984741211,94.2300033569336,2354300.0,93.51288604736328,89.87053253173828,88.35295005798339,83.99187863391379,AEP
2019-09-26,94.52999877929688,93.73999786376953,93.9000015258789,94.29000091552734,3104900.0,93.57242584228516,89.94892272949218,88.45980140686035,84.04366537558066,AEP
2019-09-27,94.87999725341797,93.69000244140625,94.76000213623047,94.19999694824219,2178500.0,93.48310852050781,90.01094863891602,88.56771385192872,84.09441506990822,AEP
2019-09-30,94.66999816894531,93.54000091552734,93.8499984741211,93.69000244140625,2048200.0,92.97698974609375,90.09200775146485,88.67935890197754,84.14191546924611,AEP
2019-10-01,93.56999969482422,92.9000015258789,93.33999633789062,93.22000122070312,2926400.0,92.51056671142578,90.16689025878907,88.7882112121582,84.18642957159814,AEP
2019-10-02,93.30000305175781,91.68000030517578,93.2699966430664,92.12999725341797,2495300.0,91.4288558959961,90.23215530395508,88.86861526489258,84.22474928760025,AEP
2019-10-03,92.58000183105469,91.88999938964844,92.25,92.5,2473700.0,91.7960433959961,90.30279418945312,88.9361435699463,84.26459820396022,AEP
2019-10-04,93.83000183105469,92.3499984741211,92.75,93.61000061035156,2873000.0,92.89759826660156,90.4059048461914,89.02237030029296,84.30979715716776,AEP
2019-10-07,94.06999969482422,92.97000122070312,93.41999816894531,93.70999908447266,2234200.0,92.99683380126953,90.5135612487793,89.11461273193359,84.35504213968913,AEP
2019-10-08,93.94999694824219,92.55999755859375,93.86000061035156,92.55999755859375,2013400.0,91.85558319091797,90.58282989501953,89.19199516296386,84.3939050466903,AEP
2019-10-09,93.2300033569336,92.4800033569336,92.77999877929688,92.87999725341797,1752600.0,92.17314910888672,90.67854339599609,89.2681209564209,84.4340042428872,AEP
2019-10-10,93.08000183105469,92.11000061035156,92.4800033569336,92.61000061035156,1739900.0,91.90521240234375,90.78682510375977,89.33418006896973,84.47231813088442,AEP
2019-10-11,92.93000030517578,92.05000305175781,92.5199966430664,92.33999633789062,1818000.0,91.63726043701172,90.87004806518554,89.39746101379394,84.5088739589769,AEP
2019-10-14,92.8499984741211,91.81999969482422,92.70999908447266,92.02999877929688,1504300.0,91.32962036132812,90.94928527832032,89.45096778869629,84.54349703716143,AEP
2019-10-15,92.61000061035156,91.66999816894531,92.36000061035156,91.73999786376953,1546400.0,91.04182434082031,91.036162109375,89.49283027648926,84.57631687202839,AEP
2019-10-16,92.66999816894531,91.3499984741211,91.73999786376953,92.5999984741211,2180100.0,91.8952865600586,91.11804458618164,89.54214385986329,84.6130956141793,AEP
2019-10-17,93.3499984741211,92.41000366210938,92.5,93.0,1904800.0,92.292236328125,91.19604629516601,89.61138366699218,84.65149131774902,AEP
2019-10-18,94.27999877929688,92.66999816894531,92.80000305175781,94.13999938964844,2482100.0,93.4235610961914,91.28794143676758,89.70158950805664,84.76609889984131,AEP
2019-10-21,94.54000091552734,93.48999786376953,94.04000091552734,94.4800033569336,2123200.0,93.76097869873047,91.37745498657226,89.79901084899902,84.87914798736573,AEP
2019-10-22,94.69999694824219,93.88999938964844,94.69999694824219,94.1500015258789,2255400.0,93.43348693847656,91.45128875732422,89.8850804901123,84.99254573822022,AEP
2019-10-23,95.0999984741211,94.22000122070312,94.38999938964844,94.44000244140625,2369600.0,93.72128295898438,91.53445098876954,89.96171585083007,85.1030227279663,AEP
2019-10-24,96.22000122070312,94.7699966430664,94.7699966430664,95.72000122070312,2809200.0,94.99153900146484,91.67814895629883,90.05420570373535,85.22256370544433,AEP
2019-10-25,95.76000213623047,94.0199966430664,95.69000244140625,94.3499984741211,2454300.0,93.63196563720703,91.75734161376953,90.11024826049805,85.3287671661377,AEP
2019-10-28,94.08999633789062,92.87999725341797,93.69999694824219,93.37000274658203,2566400.0,92.659423828125,91.81966354370117,90.15036010742188,85.43146430969239,AEP
2019-10-29,93.41999816894531,92.86000061035156,93.1500015258789,93.16999816894531,2068800.0,92.46094512939453,91.87166473388672,90.19301803588867,85.53631774902344,AEP
2019-10-30,94.55999755859375,93.37000274658203,93.37000274658203,94.0999984741211,1381300.0,93.38386535644531,91.93775787353516,90.25002708435059,85.63808364868164,AEP
2019-10-31,94.6500015258789,93.6500015258789,94.37999725341797,94.38999938964844,2309000.0,93.67166137695312,91.99809524536133,90.31680892944335,85.73964141845703,AEP
2019-11-01,94.9800033569336,93.47000122070312,94.72000122070312,93.55999755859375,1923900.0,92.84797668457031,92.04950103759765,90.36481468200684,85.83572441101074,AEP
2019-11-04,93.7300033569336,92.29000091552734,93.58000183105469,92.80000305175781,2983300.0,92.09376525878906,92.11341094970703,90.40330841064453,85.92760036468506,AEP
2019-11-05,92.55000305175781,91.0199966430664,92.30999755859375,91.4000015258789,2196600.0,90.70441436767578,92.12472412109375,90.41815719604492,86.01112476348877,AEP
2019-11-06,92.2300033569336,91.37000274658203,91.7300033569336,91.9800033569336,2394300.0,91.2800064086914,92.15072479248047,90.44368682861328,86.09447528839111,AEP
2019-11-07,90.83000183105469,88.66000366210938,90.6500015258789,89.33999633789062,4086700.0,89.33999633789062,92.15856704711913,90.45277130126954,86.16454109191895,AEP
2019-11-08,89.43000030517578,88.33000183105469,88.81999969482422,89.06999969482422,3016100.0,89.06999969482422,92.13937515258789,90.44851799011231,86.23785884857178,AEP
2019-11-11,89.43000030517578,88.66000366210938,89.25,88.7699966430664,2113400.0,88.7699966430664,92.10564865112305,90.4411661529541,86.30943439483643,AEP
2019-11-12,88.95999908447266,88.16999816894531,88.76000213623047,88.5,1966600.0,88.5,92.03417037963867,90.42441650390624,86.37907863616944,AEP
2019-11-13,90.12000274658203,88.62999725341797,88.87000274658203,89.86000061035156,4140200.0,89.86000061035156,91.98453308105469,90.42766921997071,86.45460250854492,AEP
2019-11-14,90.56999969482422,89.44999694824219,90.08000183105469,89.5999984741211,2668200.0,89.5999984741211,91.95986450195312,90.43354232788086,86.51933177947998,AEP
2019-11-15,89.79000091552734,88.7699966430664,89.52999877929688,89.55999755859375,3601300.0,89.55999755859375,91.94312896728516,90.45743461608886,86.58390953063964,AEP
2019-11-18,90.98999786376953,89.6500015258789,89.9800033569336,90.1500015258789,2789900.0,90.1500015258789,91.93243774414063,90.49313682556152,86.64969337463378,AEP
2019-11-19,91.27999877929688,89.58000183105469,89.86000061035156,90.66999816894531,3787700.0,90.66999816894531,91.93790222167969,90.53295547485351,86.72030555725098,AEP
2019-11-20,91.63999938964844,90.56999969482422,90.81999969482422,91.45999908447266,2136400.0,91.45999908447266,91.94725799560547,90.5794921875,86.79389892578125,AEP
2019-11-21,91.55000305175781,90.48999786376953,91.4000015258789,91.06999969482422,1859500.0,91.06999969482422,91.94226409912109,90.61168807983398,86.86109645843506,AEP
2019-11-22,91.77999877929688,90.31999969482422,91.11000061035156,91.54000091552734,2596600.0,91.54000091552734,91.95619705200195,90.63922668457032,86.92785926818847,AEP
2019-11-25,91.69000244140625,90.63999938964844,91.58999633789062,90.88999938964844,2502800.0,90.88999938964844,91.95375595092773,90.66322021484375,86.99103012084962,AEP
2019-11-26,91.80999755859375,90.88999938964844,90.94000244140625,91.5,2943100.0,91.5,91.94326995849609,90.69242721557617,87.05622497558593,AEP
2019-11-27,91.66000366210938,90.94999694824219,91.55000305175781,91.58999633789062,1488900.0,91.58999633789062,91.928828125,90.71829879760742,87.1255339050293,AEP
2019-11-29,92.08999633789062,91.26000213623047,91.70999908447266,91.3499984741211,754500.0,91.3499984741211,91.90641067504883,90.7373380279541,87.1946199798584,AEP
2019-12-02,91.18000030517578,90.20999908447266,91.02999877929688,90.27999877929688,2341800.0,90.27999877929688,91.86259323120117,90.74449523925782,87.25874691009521,AEP
2019-12-03,91.26000213623047,90.33999633789062,90.54000091552734,90.87999725341797,2096800.0,90.87999725341797,91.8264093017578,90.76435028076172,87.32191654205322,AEP
2019-12-04,92.1500015258789,90.8499984741211,90.8499984741211,92.02999877929688,2792400.0,92.02999877929688,91.78960662841797,90.78644653320312,87.38868659973144,AEP
2019-12-05,92.55000305175781,91.66999816894531,91.8499984741211,92.45999908447266,1536500.0,92.45999908447266,91.76854888916016,90.81954071044922,87.45452877044677,AEP
2019-12-06,92.79000091552734,91.9800033569336,92.19999694824219,92.38999938964844,1379300.0,92.38999938964844,91.74490036010742,90.84691154479981,87.51723621368409,AEP
2019-12-09,92.33999633789062,91.77999877929688,92.27999877929688,91.86000061035156,1705700.0,91.86000061035156,91.71243820190429,90.86169342041016,87.5818860244751,AEP
2019-12-10,92.02999877929688,91.43000030517578,91.8499984741211,91.94000244140625,1903400.0,91.94000244140625,91.69169845581055,90.8918531036377,87.64869464874268,AEP
2019-12-11,92.45999908447266,91.76000213623047,92.19999694824219,92.1500015258789,2508700.0,92.1500015258789,91.6844871520996,90.92568870544433,87.71552730560303,AEP
2019-12-12,92.18000030517578,90.87999725341797,92.02999877929688,91.13999938964844,2052700.0,91.13999938964844,91.67871002197266,90.95543266296387,87.77476947784425,AEP
2019-12-13,92.20999908447266,90.30999755859375,91.13999938964844,92.05000305175781,2613700.0,92.05000305175781,91.68378921508788,90.99329170227051,87.83734027862549,AEP
2019-12-16,93.04000091552734,91.77999877929688,92.02999877929688,93.02999877929688,2066400.0,93.02999877929688,91.68643722534179,91.0461710357666,87.90471340179444,AEP
2019-12-17,93.81999969482422,93.01000213623047,93.22000122070312,93.22000122070312,3043400.0,93.22000122070312,91.69090057373047,91.10223091125488,87.97494186401367,AEP
2019-12-18,93.94999694824219,93.0199966430664,93.45999908447266,93.75,3237300.0,93.75,91.72878890991211,91.15580940246582,88.04669666290283,AEP
2019-12-19,94.0999984741211,93.36000061035156,93.55999755859375,93.97000122070312,2227500.0,93.97000122070312,91.76472595214844,91.22163467407226,88.11862323760987,AEP
2019-12-20,95.7699966430664,94.08999633789062,95.16999816894531,94.9000015258789,4417100.0,94.9000015258789,91.82462173461914,91.30572341918945,88.19275703430176,AEP
2019-12-23,95.23999786376953,93.52999877929688,95.05999755859375,93.75,1514800.0,93.75,91.86687652587891,91.36846229553223,88.25796524047851,AEP
2019-12-24,93.9800033569336,93.30000305175781,93.81999969482422,93.83999633789062,440100.0,93.83999633789062,91.91708404541015,91.43318466186524,88.32113182067872,AEP
2019-12-26,94.0999984741211,93.54000091552734,93.8499984741211,93.87999725341797,1154600.0,93.87999725341797,91.97384750366211,91.50500480651856,88.38415645599365,AEP
2019-12-27,94.30000305175781,93.69000244140625,93.94000244140625,94.19000244140625,1014400.0,94.19000244140625,92.01974182128906,91.56889320373536,88.44970817565918,AEP
2019-12-30,94.16999816894531,93.58000183105469,93.95999908447266,94.02999877929688,1544700.0,94.02999877929688,92.0544970703125,91.62527168273925,88.51040493011475,AEP
2019-12-31,94.54000091552734,93.88999938964844,94.16999816894531,94.51000213623047,1366900.0,94.51000213623047,92.07622589111328,91.68208366394043,88.57511390686035,AEP
2020-01-02,94.55999755859375,92.9800033569336,94.5,93.45999908447266,1779700.0,93.45999908447266,92.07020629882813,91.7238306427002,88.63906757354736,AEP
2020-01-03,94.04000091552734,93.0999984741211,93.27999877929688,93.36000061035156,1939400.0,93.36000061035156,92.06873657226562,91.76001266479493,88.7010066986084,AEP
