Date,High,Low,Open,Close,Volume,Adj Close,50ma,100ma,200ma,Symbol
2018-12-31,105.05000305175781,102.30000305175781,103.4800033569336,104.8499984741211,1476800,104.8499984741211,104.8499984741211,104.8499984741211,104.8499984741211,SPLK
2019-01-02,104.70999908447266,101.70999908447266,102.0,103.31999969482422,1566800,103.31999969482422,104.08499908447266,104.08499908447266,104.08499908447266,SPLK
2019-01-03,103.30999755859375,99.48999786376953,101.55000305175781,100.80999755859375,2057500,100.80999755859375,102.99333190917969,102.99333190917969,102.99333190917969,SPLK
2019-01-04,109.5199966430664,101.55999755859375,102.68000030517578,108.04000091552734,3127000,108.04000091552734,104.2549991607666,104.2549991607666,104.2549991607666,SPLK
2019-01-07,113.45999908447266,108.19000244140625,109.08000183105469,112.9000015258789,2072300,112.9000015258789,105.98399963378907,105.98399963378907,105.98399963378907,SPLK
2019-01-08,115.91000366210938,111.25,114.4800033569336,115.08999633789062,2401900,115.08999633789062,107.50166575113933,107.50166575113933,107.50166575113933,SPLK
2019-01-09,116.58999633789062,113.87000274658203,115.01000213623047,115.91000366210938,1876200,115.91000366210938,108.7028568812779,108.7028568812779,108.7028568812779,SPLK
2019-01-10,116.94999694824219,113.58000183105469,115.04000091552734,116.69999694824219,1443500,116.69999694824219,109.70249938964844,109.70249938964844,109.70249938964844,SPLK
2019-01-11,117.86000061035156,115.0,116.0,117.16999816894531,1655700,117.16999816894531,110.53222147623698,110.53222147623698,110.53222147623698,SPLK
2019-01-14,115.9000015258789,113.44000244140625,115.75,114.31999969482422,1300200,114.31999969482422,110.9109992980957,110.9109992980957,110.9109992980957,SPLK
2019-01-15,118.91000366210938,114.29000091552734,114.37000274658203,117.87999725341797,1561000,117.87999725341797,111.54454456676136,111.54454456676136,111.54454456676136,SPLK
2019-01-16,118.91000366210938,115.05999755859375,118.19000244140625,116.79000091552734,1355500,116.79000091552734,111.98166592915852,111.98166592915852,111.98166592915852,SPLK
2019-01-17,118.86000061035156,116.0,116.33999633789062,118.55000305175781,960900,118.55000305175781,112.48692263089694,112.48692263089694,112.48692263089694,SPLK
2019-01-18,121.36000061035156,119.0999984741211,119.41000366210938,120.72000122070312,1979200,120.72000122070312,113.07499967302594,113.07499967302594,113.07499967302594,SPLK
2019-01-22,120.36000061035156,118.29000091552734,120.0,118.9800033569336,1561800,118.9800033569336,113.46866658528646,113.46866658528646,113.46866658528646,SPLK
2019-01-23,121.6500015258789,117.12999725341797,120.0,119.44000244140625,1429400,119.44000244140625,113.84187507629395,113.84187507629395,113.84187507629395,SPLK
2019-01-24,120.98999786376953,117.88999938964844,120.98999786376953,119.94999694824219,890200,119.94999694824219,114.20117636287914,114.20117636287914,114.20117636287914,SPLK
2019-01-25,122.91999816894531,119.55999755859375,120.66999816894531,122.05999755859375,1142800,122.05999755859375,114.63777754041884,114.63777754041884,114.63777754041884,SPLK
2019-01-28,120.69999694824219,118.08000183105469,120.37999725341797,119.55000305175781,1062300,119.55000305175781,114.89631572522615,114.89631572522615,114.89631572522615,SPLK
2019-01-29,120.5,118.18000030517578,119.31999969482422,118.20999908447266,1125500,118.20999908447266,115.06199989318847,115.06199989318847,115.06199989318847,SPLK
2019-01-30,123.75,119.04000091552734,119.80000305175781,122.77999877929688,1484900,122.77999877929688,115.42952364966983,115.42952364966983,115.42952364966983,SPLK
2019-01-31,127.08999633789062,123.0,123.41000366210938,124.83999633789062,1783200,124.83999633789062,115.85727240822531,115.85727240822531,115.85727240822531,SPLK
2019-02-01,127.54000091552734,123.58999633789062,124.76000213623047,127.30000305175781,1385500,127.30000305175781,116.354782436205,116.354782436205,116.354782436205,SPLK
2019-02-04,130.8000030517578,126.52999877929688,127.45999908447266,128.8300018310547,1544600,128.8300018310547,116.87458324432373,116.87458324432373,116.87458324432373,SPLK
2019-02-05,131.42999267578125,128.58999633789062,129.07000732421875,129.55999755859375,1325100,129.55999755859375,117.38199981689453,117.38199981689453,117.38199981689453,SPLK
2019-02-06,130.3800048828125,126.0999984741211,129.16000366210938,128.2100067138672,1131700,128.2100067138672,117.79846162062425,117.79846162062425,117.79846162062425,SPLK
2019-02-07,128.3000030517578,124.66999816894531,126.7699966430664,128.2100067138672,1408400,128.2100067138672,118.18407440185547,118.18407440185547,118.18407440185547,SPLK
2019-02-08,131.3699951171875,126.4800033569336,126.4800033569336,130.88999938964844,1293800,130.88999938964844,118.63785743713379,118.63785743713379,118.63785743713379,SPLK
2019-02-11,134.3800048828125,129.6300048828125,132.63999938964844,130.9199981689453,1415100,130.9199981689453,119.06137953133418,119.06137953133418,119.06137953133418,SPLK
2019-02-12,134.8699951171875,131.6199951171875,131.97000122070312,134.27000427246094,1793300,134.27000427246094,119.56833368937174,119.56833368937174,119.56833368937174,SPLK
2019-02-13,135.0,132.5,135.0,133.80999755859375,877200,133.80999755859375,120.02774220128214,120.02774220128214,120.02774220128214,SPLK
2019-02-14,136.14999389648438,132.16000366210938,133.00999450683594,134.52999877929688,1268200,134.52999877929688,120.48093771934509,120.48093771934509,120.48093771934509,SPLK
2019-02-15,136.33999633789062,133.80999755859375,134.94000244140625,136.25,1120500,136.25,120.95878809148616,120.95878809148616,120.95878809148616,SPLK
2019-02-19,136.88999938964844,135.4499969482422,136.1199951171875,136.16000366210938,878600,136.16000366210938,121.40588266709271,121.40588266709271,121.40588266709271,SPLK
2019-02-20,136.4499969482422,132.19000244140625,136.14999389648438,133.1199951171875,1597800,133.1199951171875,121.74057159423828,121.74057159423828,121.74057159423828,SPLK
2019-02-21,133.1199951171875,131.52000427246094,132.27999877929688,132.4199981689453,1698700,132.4199981689453,122.03722233242459,122.03722233242459,122.03722233242459,SPLK
2019-02-22,134.64999389648438,132.4199981689453,132.49000549316406,134.55999755859375,941600,134.55999755859375,122.37567571691565,122.37567571691565,122.37567571691565,SPLK
2019-02-25,136.89999389648438,134.50999450683594,136.88999938964844,135.39999389648438,1429400,135.39999389648438,122.71842093216746,122.71842093216746,122.71842093216746,SPLK
2019-02-26,137.07000732421875,133.61000061035156,135.6199951171875,135.97000122070312,1213900,135.97000122070312,123.05820504212991,123.05820504212991,123.05820504212991,SPLK
2019-02-27,139.0399932861328,135.7899932861328,136.8699951171875,138.4499969482422,1605000,138.4499969482422,123.44299983978271,123.44299983978271,123.44299983978271,SPLK
2019-02-28,138.9499969482422,135.8699951171875,138.9499969482422,135.8800048828125,3425400,135.8800048828125,123.74634142619807,123.74634142619807,123.74634142619807,SPLK
2019-03-01,143.6999969482422,132.4600067138672,143.0,134.64999389648438,7171800,134.64999389648438,124.00595219930013,124.00595219930013,124.00595219930013,SPLK
2019-03-04,134.97000122070312,124.3499984741211,134.44000244140625,127.91000366210938,4969300,127.91000366210938,124.09674409378407,124.09674409378407,124.09674409378407,SPLK
2019-03-05,128.0,123.87000274658203,127.22000122070312,125.30999755859375,2539400,125.30999755859375,124.1243180361661,124.1243180361661,124.1243180361661,SPLK
2019-03-06,126.69000244140625,121.80999755859375,125.0,122.70999908447266,2128200,122.70999908447266,124.09288872612848,124.09288872612848,124.09288872612848,SPLK
2019-03-07,125.47000122070312,122.08999633789062,122.5,123.33000183105469,2493300,123.33000183105469,124.07630422840948,124.07630422840948,124.07630422840948,SPLK
2019-03-08,123.72000122070312,119.51000213623047,121.20999908447266,122.43000030517578,1871600,122.43000030517578,124.04127648536195,124.04127648536195,124.04127648536195,SPLK
2019-03-11,125.83999633789062,122.98999786376953,123.0,125.80999755859375,2155300,125.80999755859375,124.07812484105428,124.07812484105428,124.07812484105428,SPLK
2019-03-12,126.77999877929688,124.62999725341797,126.75,124.79000091552734,1786400,124.79000091552734,124.09265292420679,124.09265292420679,124.09265292420679,SPLK
2019-03-13,126.33999633789062,124.06999969482422,124.48999786376953,124.25,1462200,124.25,124.09579986572265,124.09579986572265,124.09579986572265,SPLK
2019-03-14,128.3800048828125,124.43000030517578,125.4000015258789,126.41999816894531,2031100,126.41999816894531,124.52719985961915,124.14137238147212,124.14137238147212,SPLK
2019-03-15,127.9800033569336,126.12000274658203,126.5,127.31999969482422,1938000,127.31999969482422,125.00719985961913,124.20249982980582,124.20249982980582,SPLK
2019-03-18,129.89999389648438,127.33000183105469,127.33000183105469,128.5800018310547,1800000,128.5800018310547,125.56259994506836,124.28509420718787,124.28509420718787,SPLK
2019-03-19,130.3800048828125,128.5800018310547,129.69000244140625,129.5500030517578,1681800,129.5500030517578,125.99279998779296,124.38259251912434,124.38259251912434,SPLK
2019-03-20,131.0,127.66000366210938,129.5,129.99000549316406,1186200,129.99000549316406,126.33460006713867,124.48454548228871,124.48454548228871,SPLK
2019-03-21,132.5,129.5,129.5,132.47000122070312,1291800,132.47000122070312,126.68220016479492,124.62714290618896,124.62714290618896,SPLK
2019-03-22,132.27999877929688,124.55000305175781,132.22000122070312,125.68000030517578,2298500,125.68000030517578,126.87760009765626,124.64561408862733,124.64561408862733,SPLK
2019-03-25,125.38999938964844,122.0199966430664,125.0,123.54000091552734,2112800,123.54000091552734,127.01440017700196,124.6265517925394,124.6265517925394,SPLK
2019-03-26,126.0,123.5,125.91000366210938,124.27999877929688,1233100,124.27999877929688,127.15660018920899,124.62067801265393,124.62067801265393,SPLK
2019-03-27,124.61000061035156,118.83000183105469,124.19999694824219,120.48999786376953,1614300,120.48999786376953,127.28000015258789,124.55183334350586,124.55183334350586,SPLK
2019-03-28,122.33000183105469,119.5,120.5,121.83000183105469,1203000,121.83000183105469,127.35900024414063,124.50721315477715,124.50721315477715,SPLK
2019-03-29,125.56999969482422,122.33000183105469,123.19999694824219,124.5999984741211,2405100,124.5999984741211,127.5152001953125,124.50870969218593,124.50870969218593,SPLK
2019-04-01,128.8800048828125,124.52999877929688,126.30000305175781,126.83999633789062,1459200,126.83999633789062,127.68100006103515,124.54571424211774,124.54571424211774,SPLK
2019-04-02,127.81999969482422,125.4800033569336,126.83999633789062,127.7300033569336,1471400,127.7300033569336,127.82120010375976,124.59546875953674,124.59546875953674,SPLK
2019-04-03,129.91000366210938,127.25,128.61000061035156,128.8699951171875,1081500,128.8699951171875,128.01899993896484,124.6612307035006,124.6612307035006,SPLK
2019-04-04,130.16000366210938,122.94999694824219,129.0,125.94999694824219,1686700,125.94999694824219,128.14919982910158,124.68075746478456,124.68075746478456,SPLK
2019-04-05,129.0800018310547,126.06999969482422,126.08000183105469,128.6999969482422,1548700,128.6999969482422,128.32419982910156,124.74074611379139,124.74074611379139,SPLK
2019-04-08,129.6999969482422,125.9000015258789,128.74000549316406,129.6300048828125,972500,129.6300048828125,128.47559997558594,124.8126469780417,124.8126469780417,SPLK
2019-04-09,130.02000427246094,128.1699981689453,128.69000244140625,129.69000244140625,1169200,129.69000244140625,128.6783999633789,124.88333328910495,124.88333328910495,SPLK
2019-04-10,134.32000732421875,130.2100067138672,130.32000732421875,133.9199981689453,1467100,133.9199981689453,128.99259994506835,125.01242850167411,125.01242850167411,SPLK
2019-04-11,135.77000427246094,133.22000122070312,133.6199951171875,135.3800048828125,1357700,135.3800048828125,129.24460006713866,125.15845070422536,125.15845070422536,SPLK
2019-04-12,135.89999389648438,133.94000244140625,135.89999389648438,134.94000244140625,1008200,134.94000244140625,129.446600189209,125.29430558946397,125.29430558946397,SPLK
2019-04-15,136.49000549316406,132.74000549316406,135.02000427246094,134.67999267578125,960900,134.67999267578125,129.59419998168946,125.42287664544092,125.42287664544092,SPLK
2019-04-16,137.25,132.35000610351562,135.77999877929688,133.52000427246094,1253500,133.52000427246094,129.68800003051757,125.5322972890493,125.5322972890493,SPLK
2019-04-17,134.7899932861328,128.1999969482422,134.58999633789062,128.91000366210938,1560500,128.91000366210938,129.6750001525879,125.57733337402344,125.57733337402344,SPLK
2019-04-18,129.5800018310547,125.25,128.8000030517578,128.0800018310547,1264800,128.0800018310547,129.67240005493164,125.61026322214227,125.61026322214227,SPLK
2019-04-22,130.3699951171875,127.30000305175781,127.88999938964844,130.0,1295000,130.0,129.7081999206543,125.66727279068587,125.66727279068587,SPLK
2019-04-23,133.75999450683594,129.63999938964844,130.5,133.61000061035156,1714000,133.61000061035156,129.76259994506836,125.76910263452774,125.76910263452774,SPLK
2019-04-24,135.74000549316406,133.19000244140625,134.3300018310547,133.2899932861328,977500,133.2899932861328,129.80999984741212,125.86430378201642,125.86430378201642,SPLK
2019-04-25,136.75999450683594,132.69000244140625,135.02000427246094,135.75999450683594,1422400,135.75999450683594,129.8397996520996,125.98799991607666,125.98799991607666,SPLK
2019-04-26,138.1999969482422,135.27999877929688,136.10000610351562,137.6999969482422,1008900,137.6999969482422,129.9175996398926,126.13259247202932,126.13259247202932,SPLK
2019-04-29,140.75,138.0,138.11000061035156,138.8800048828125,1142600,138.8800048828125,130.00459976196288,126.2880487209413,126.2880487209413,SPLK
2019-04-30,139.9600067138672,136.92999267578125,138.24000549316406,138.0399932861328,726100,138.0399932861328,130.04039962768556,126.42963841449783,126.42963841449783,SPLK
2019-05-01,139.0,134.66000366210938,138.52000427246094,134.80999755859375,1331100,134.80999755859375,130.01339950561524,126.5294045947847,126.5294045947847,SPLK
2019-05-02,136.9600067138672,132.72999572753906,134.5,134.47000122070312,1166600,134.47000122070312,130.04039962768556,126.62282337861903,126.62282337861903,SPLK
2019-05-03,136.58999633789062,134.0,135.60000610351562,135.22000122070312,999000,135.22000122070312,130.0963996887207,126.7227905628293,126.7227905628293,SPLK
2019-05-06,135.5399932861328,129.1999969482422,131.00999450683594,135.10000610351562,729000,135.10000610351562,130.10719985961913,126.8190803966303,126.8190803966303,SPLK
2019-05-07,134.0,128.22000122070312,133.5,131.2899932861328,1473600,131.2899932861328,130.02499984741212,126.8698862249201,126.8698862249201,SPLK
2019-05-08,132.94000244140625,130.22999572753906,131.2899932861328,131.77000427246094,652400,131.77000427246094,129.94099990844725,126.92494373107225,126.92494373107225,SPLK
2019-05-09,132.97000122070312,127.72000122070312,130.05999755859375,132.42999267578125,758400,132.42999267578125,129.82059982299805,126.98611094156901,126.98611094156901,SPLK
2019-05-10,134.19000244140625,129.9199981689453,132.0399932861328,133.32000732421875,871900,133.32000732421875,129.76939987182618,127.0557141985212,127.0557141985212,SPLK
2019-05-13,130.80999755859375,126.13999938964844,128.86000061035156,126.86000061035156,1034100,126.86000061035156,129.61360000610352,127.05358687691067,127.05358687691067,SPLK
2019-05-14,131.92999267578125,127.5199966430664,128.25999450683594,130.97999572753906,964600,130.97999572753906,129.6749998474121,127.09580632691743,127.09580632691743,SPLK
2019-05-15,135.83999633789062,130.2100067138672,130.2100067138672,135.0,1140500,135.0,129.86879989624023,127.17989349365234,127.17989349365234,SPLK
2019-05-16,140.66000366210938,135.57000732421875,135.66000366210938,139.00999450683594,1817500,139.00999450683594,130.1947998046875,127.30442087273849,127.30442087273849,SPLK
2019-05-17,138.6199951171875,135.58999633789062,138.0,136.49000549316406,1021700,136.49000549316406,130.4579998779297,127.40010404586792,127.40010404586792,SPLK
2019-05-20,136.60000610351562,133.50999450683594,136.19000244140625,134.3300018310547,1318900,134.3300018310547,130.69599990844728,127.47154629107604,127.47154629107604,SPLK
2019-05-21,138.5500030517578,135.52000427246094,135.52000427246094,138.27000427246094,1366200,138.27000427246094,130.94520004272462,127.58173463782485,127.58173463782485,SPLK
2019-05-22,137.42999267578125,135.24000549316406,137.07000732421875,136.1199951171875,1693500,136.1199951171875,131.1717999267578,127.66797969317196,127.66797969317196,SPLK
2019-05-23,134.16000366210938,128.00999450683594,134.02999877929688,128.72999572753906,3411300,128.72999572753906,131.2613998413086,127.67859985351562,127.67859985351562,SPLK
2019-05-24,129.5,115.62000274658203,125.79000091552734,119.30000305175781,11667900,119.30000305175781,131.11899993896483,127.82309989929199,127.59564344953783,SPLK
2019-05-28,124.9800033569336,120.06999969482422,120.08999633789062,122.19000244140625,3805600,122.19000244140625,131.01639999389647,128.01179992675782,127.54264696906594,SPLK
2019-05-29,121.98999786376953,117.88999938964844,120.5,118.7699966430664,2511400,118.7699966430664,130.8201998901367,128.19139991760255,127.4574756066776,SPLK
2019-05-30,120.19999694824219,117.11000061035156,119.95999908447266,117.5999984741211,1555700,117.5999984741211,130.58119979858398,128.28699989318847,127.36269217271071,SPLK
2019-05-31,116.66000366210938,113.19000244140625,114.95999908447266,113.98999786376953,2777900,113.98999786376953,130.2611996459961,128.29789985656737,127.23533317929223,SPLK
2019-06-03,113.88999938964844,107.88999938964844,113.88999938964844,109.05000305175781,2641400,109.05000305175781,129.7927996826172,128.23749992370605,127.06377346110794,SPLK
2019-06-04,111.98999786376953,109.91000366210938,111.25,111.7300033569336,1957000,111.7300033569336,129.51379974365236,128.1956999206543,126.9204671984521,SPLK
2019-06-05,114.19999694824219,108.91000366210938,113.72000122070312,110.97000122070312,1888200,110.97000122070312,129.26239974975587,128.1383999633789,126.77277769865813,SPLK
2019-06-06,111.0,107.95999908447266,110.73999786376953,109.5,2600600,109.5,128.9667997741699,128.06169998168946,126.61431184821173,SPLK
2019-06-07,112.37000274658203,110.12999725341797,110.4000015258789,111.33999633789062,2443400,111.33999633789062,128.78379974365234,128.03189994812013,126.47545443448153,SPLK
2019-06-10,121.5,114.98999786376953,115.51000213623047,118.51000213623047,4069000,118.51000213623047,128.71739974975586,128.03819999694824,126.40369360296576,SPLK
2019-06-11,120.25,115.31999969482422,120.0,116.75,2227700,116.75,128.56039978027343,128.03779998779297,126.31749991008213,SPLK
2019-06-12,116.48999786376953,114.26000213623047,115.2300033569336,116.12999725341797,1262900,116.12999725341797,128.346199798584,128.01359992980957,126.2273450193152,SPLK
2019-06-13,118.7300033569336,115.80000305175781,116.12999725341797,118.23999786376953,1177600,118.23999786376953,128.1563996887207,127.98879989624024,126.15728057058234,SPLK
2019-06-14,118.95999908447266,116.29000091552734,117.9800033569336,118.23999786376953,1369800,118.23999786376953,127.94379974365235,127.98139984130859,126.08843463400136,SPLK
2019-06-17,121.08999633789062,118.23999786376953,118.37000274658203,119.31999969482422,1181000,119.31999969482422,127.81119979858398,127.98019981384277,126.03008605693948,SPLK
2019-06-18,122.44999694824219,119.87999725341797,120.2699966430664,120.08000183105469,1228800,120.08000183105469,127.63879989624023,127.9814998626709,125.97923063620543,SPLK
2019-06-19,122.16000366210938,119.3499984741211,120.8499984741211,122.11000061035156,1089400,122.11000061035156,127.48839981079101,127.98199989318847,125.94644055124057,SPLK
2019-06-20,125.87999725341797,122.86000061035156,124.0,124.47000122070312,1539000,124.47000122070312,127.38399978637695,128.03119987487793,125.93403349804277,SPLK
2019-06-21,125.0999984741211,123.16999816894531,124.02999877929688,124.33999633789062,1748900,124.33999633789062,127.19239974975586,128.0924998474121,125.9207498550415,SPLK
2019-06-24,126.0,122.58999633789062,125.80000305175781,122.93000030517578,1187800,122.93000030517578,126.94339965820312,128.0939998626709,125.89603291661287,SPLK
2019-06-25,122.7300033569336,117.77999877929688,122.12000274658203,117.98999786376953,2023600,117.98999786376953,126.60439956665039,128.0254998779297,125.83122935060595,SPLK
2019-06-26,122.58000183105469,118.51000213623047,119.86000061035156,120.76000213623047,1736600,120.76000213623047,126.32599975585937,127.96009986877442,125.78999986105818,SPLK
2019-06-27,124.97000122070312,120.33000183105469,121.23999786376953,124.2300033569336,1284300,124.2300033569336,126.14019973754883,127.9140998840332,125.77741924408943,SPLK
2019-06-28,126.18000030517578,123.16999816894531,124.81999969482422,125.75,1876000,125.75,126.07699966430664,127.87599990844727,125.77719989013671,SPLK
2019-07-01,129.1999969482422,124.80000305175781,129.0,125.33000183105469,2124900,125.33000183105469,126.02199966430663,127.84719985961914,125.77365069919162,SPLK
2019-07-02,128.61000061035156,125.05999755859375,125.33000183105469,128.44000244140625,1283000,128.44000244140625,125.99079971313476,127.84949981689454,125.79464559479962,SPLK
2019-07-03,130.0,127.7300033569336,128.61000061035156,129.30999755859375,932300,129.30999755859375,125.90479965209961,127.83369979858398,125.82210928201675,SPLK
2019-07-05,130.47000122070312,127.79000091552734,128.69000244140625,130.32000732421875,844300,130.32000732421875,125.84539993286133,127.82769989013671,125.85697670870049,SPLK
2019-07-08,130.47000122070312,128.1199951171875,129.8800048828125,130.41000366210938,950900,130.41000366210938,125.7384001159668,127.7890998840332,125.89199999295748,SPLK
2019-07-09,132.6300048828125,129.75,130.0,132.36000061035156,1458300,132.36000061035156,125.63160018920898,127.77459991455078,125.94137404347194,SPLK
2019-07-10,134.3800048828125,131.94000244140625,132.6999969482422,132.2100067138672,1034700,132.2100067138672,125.49820022583008,127.75139999389648,125.98886368491434,SPLK
2019-07-11,138.08999633789062,132.5399932861328,133.0399932861328,137.4199981689453,2332600,137.4199981689453,125.48580032348633,127.76309997558593,126.07481206449351,SPLK
2019-07-12,137.52000427246094,134.77999877929688,136.60000610351562,136.82000732421875,1746200,136.82000732421875,125.52600051879882,127.76970001220702,126.15500008881982,SPLK
2019-07-15,139.5399932861328,136.14999389648438,137.63999938964844,138.49000549316406,1408400,138.49000549316406,125.60640060424805,127.82340011596679,126.24637049922237,SPLK
2019-07-16,138.25999450683594,135.9199981689453,138.0,136.50999450683594,1198300,136.50999450683594,125.6322004699707,127.8643000793457,126.32183832280776,SPLK
2019-07-17,139.25,136.64999389648438,137.0399932861328,138.55999755859375,1234700,138.55999755859375,125.70140029907226,127.9043000793457,126.41116795226606,SPLK
2019-07-18,139.5,137.00999450683594,137.5800018310547,138.38999938964844,1261400,138.38999938964844,125.84340042114258,127.93420013427735,126.49797107862389,SPLK
2019-07-19,140.27999877929688,138.0399932861328,139.30999755859375,138.13999938964844,1358800,138.13999938964844,125.97080032348633,127.9559001159668,126.58172667798378,SPLK
2019-07-22,139.91000366210938,138.3000030517578,139.05999755859375,138.6999969482422,846300,138.6999969482422,126.09620040893554,127.9584001159668,126.66828575134278,SPLK
2019-07-23,139.44000244140625,136.22000122070312,139.0800018310547,137.77000427246094,843700,137.77000427246094,126.18520034790039,127.97730010986328,126.74702134369113,SPLK
2019-07-24,140.14999389648438,136.6300048828125,137.35000610351562,139.9600067138672,937000,139.9600067138672,126.44720046997071,128.03040023803712,126.84007053643884,SPLK
2019-07-25,139.88999938964844,137.80999755859375,139.82000732421875,138.74000549316406,1071300,138.74000549316406,126.6024006652832,128.13870025634765,126.92328686480755,SPLK
2019-07-26,142.05999755859375,139.42999267578125,139.77000427246094,140.72999572753906,1089500,140.72999572753906,126.71700057983398,128.2929002380371,127.01916678746541,SPLK
2019-07-29,141.36000061035156,134.7100067138672,141.0,138.22000122070312,976700,138.22000122070312,126.70120071411132,128.4480002593994,127.09641392148774,SPLK
2019-07-30,139.14999389648438,135.13999938964844,136.16000366210938,137.49000549316406,915700,137.49000549316406,126.72120071411133,128.5896002960205,127.16760290485539,SPLK
2019-07-31,139.47999572753906,133.36000061035156,137.99000549316406,135.30999755859375,1266800,135.30999755859375,126.74080062866211,128.7184002685547,127.22299334467674,SPLK
2019-08-01,138.8699951171875,134.39999389648438,135.41000366210938,135.05999755859375,1209700,135.05999755859375,126.67660049438477,128.8109002685547,127.27594607585185,SPLK
2019-08-02,133.72999572753906,123.80999755859375,133.72999572753906,126.47000122070312,2944900,126.47000122070312,126.48360061645508,128.82770027160643,127.27053704997837,SPLK
2019-08-05,123.5,120.16999816894531,121.4800033569336,122.47000122070312,2075600,122.47000122070312,126.35840072631837,128.80990028381348,127.2385334777832,SPLK
2019-08-06,126.33000183105469,122.70999908447266,124.81999969482422,124.54000091552734,1258900,124.54000091552734,126.46320068359375,128.7911003112793,127.22066240121197,SPLK
2019-08-07,124.4000015258789,121.05000305175781,122.0,122.72000122070312,1147400,122.72000122070312,126.47380065917969,128.74510032653808,127.1910527881823,SPLK
2019-08-08,127.68000030517578,123.8499984741211,124.70999908447266,126.87999725341797,1124700,126.87999725341797,126.63600067138673,128.7281002807617,127.18901974547143,SPLK
2019-08-09,131.58999633789062,126.97000122070312,127.05999755859375,130.17999267578125,1588000,130.17999267578125,126.88760055541992,128.73440017700196,127.2084416476163,SPLK
2019-08-12,129.8000030517578,127.0,128.77999877929688,129.1199951171875,963600,129.1199951171875,127.19020050048829,128.7257000732422,127.22077425064579,SPLK
2019-08-13,132.4199981689453,128.55999755859375,129.47999572753906,131.72000122070312,1025700,131.72000122070312,127.64360046386719,128.7182000732422,127.2496154491718,SPLK
2019-08-14,129.3699951171875,123.80000305175781,129.2899932861328,125.5999984741211,1231900,125.5999984741211,127.92100036621093,128.71740005493163,127.23910833468103,SPLK
2019-08-15,126.25,122.80999755859375,125.3499984741211,123.54000091552734,963400,123.54000091552734,128.17240036010742,128.71740005493163,127.2156962624079,SPLK
2019-08-16,127.69000244140625,124.69000244140625,124.76000213623047,124.79000091552734,1549300,124.79000091552734,128.47820037841797,128.72250007629395,127.20044031683004,SPLK
2019-08-19,128.41000366210938,124.4000015258789,128.41000366210938,125.55999755859375,1644200,125.55999755859375,128.76260040283202,128.77320007324218,127.19018754959106,SPLK
2019-08-20,128.8300018310547,124.77999877929688,125.20999908447266,126.72000122070312,2100100,126.72000122070312,128.92680038452147,128.82210006713868,127.18726713761039,SPLK
2019-08-21,129.57000732421875,127.1500015258789,128.39999389648438,128.4600067138672,4091700,128.4600067138672,129.16100051879883,128.86070014953614,127.19512355474778,SPLK
2019-08-22,125.02999877929688,114.2300033569336,122.79000091552734,118.38999938964844,15353600,118.38999938964844,129.20620056152345,128.7762001800537,127.14110438809072,SPLK
2019-08-23,121.5999984741211,116.30000305175781,116.6500015258789,118.55999755859375,6003100,118.55999755859375,129.21260055541993,128.68450012207032,127.08878056595965,SPLK
2019-08-26,119.77999877929688,111.31999969482422,119.5,112.54000091552734,4630700,112.54000091552734,129.0986006164551,128.5212001800537,127.00060614383582,SPLK
2019-08-27,115.36000061035156,110.87999725341797,113.1500015258789,112.97000122070312,4036200,112.97000122070312,128.97160064697266,128.39140022277832,126.9160844274314,SPLK
2019-08-28,113.56999969482422,110.52999877929688,112.87000274658203,110.56999969482422,2304100,110.56999969482422,128.78140060424803,128.21010025024415,126.81820368052956,SPLK
2019-08-29,112.62999725341797,109.66000366210938,112.0,112.41000366210938,2563900,112.41000366210938,128.5874006652832,128.0379002380371,126.73244058518182,SPLK
2019-08-30,113.69999694824219,110.18000030517578,113.26000213623047,111.81999969482422,1882500,111.81999969482422,128.33440063476561,127.85920021057129,126.64420128997261,SPLK
2019-09-03,111.62000274658203,107.16000366210938,110.54000091552734,108.22000122070312,2161700,108.22000122070312,128.01200073242188,127.60220024108887,126.53582364250632,SPLK
2019-09-04,109.97000122070312,107.38999938964844,109.16999816894531,109.69999694824219,1890300,109.69999694824219,127.74740066528321,127.34540016174316,126.43736851563928,SPLK
2019-09-05,111.9000015258789,109.19999694824219,111.0,110.68000030517578,1885300,110.68000030517578,127.60120071411133,127.10280014038086,126.34575590976449,SPLK
2019-09-06,112.27999877929688,110.0999984741211,111.04000091552734,110.36000061035156,1039800,110.36000061035156,127.39320068359375,126.85960021972656,126.25335269994129,SPLK
2019-09-09,111.88999938964844,107.44999694824219,111.7300033569336,109.4800033569336,1995900,109.4800033569336,127.09820068359375,126.6192002105713,126.15695414049873,SPLK
2019-09-10,113.08999633789062,108.70999908447266,109.43000030517578,112.70999908447266,2386000,112.70999908447266,126.8374006652832,126.45720016479493,126.08011439732142,SPLK
2019-09-11,116.08999633789062,110.70999908447266,112.70999908447266,113.88999938964844,2627200,113.88999938964844,126.60860061645508,126.31530014038086,126.01085238023238,SPLK
2019-09-12,116.58999633789062,113.66999816894531,116.12999725341797,113.91000366210938,1804900,113.91000366210938,126.31800064086914,126.15440017700195,125.94248600329382,SPLK
2019-09-13,114.52999877929688,112.23999786376953,114.11000061035156,113.6500015258789,1176600,113.6500015258789,126.00480072021485,125.95480018615723,125.87342710173532,SPLK
2019-09-16,115.44999694824219,112.16999816894531,112.80000305175781,114.81999969482422,1348200,114.81999969482422,125.69480056762696,125.77010025024414,125.81167611063526,SPLK
2019-09-17,119.18000030517578,116.08000183105469,117.5,118.73999786376953,2499400,118.73999786376953,125.46140045166015,125.59990028381348,125.77238900926378,SPLK
2019-09-18,118.0,114.08000183105469,118.0,116.93000030517578,1379100,116.93000030517578,125.15280044555664,125.39220031738282,125.7235360329981,SPLK
2019-09-19,123.75,119.08999633789062,119.30999755859375,121.87999725341797,3441900,121.87999725341797,124.94620025634765,125.22220024108887,125.70241768805535,SPLK
2019-09-20,121.9800033569336,118.66999816894531,121.97000122070312,121.5999984741211,2418100,121.5999984741211,124.62980026245117,125.05780029296875,125.68000009672238,SPLK
2019-09-23,123.41000366210938,120.26000213623047,121.3499984741211,122.73999786376953,1451500,122.73999786376953,124.34820007324218,124.9371002960205,125.6640218237172,SPLK
2019-09-24,123.76000213623047,117.80000305175781,123.0,118.93000030517578,1969700,118.93000030517578,123.95699996948242,124.78170028686523,125.62762170740076,SPLK
2019-09-25,118.80000305175781,115.0999984741211,118.58999633789062,117.54000091552734,1767800,117.54000091552734,123.57760009765624,124.60490028381348,125.58413987518638,SPLK
2019-09-26,120.16999816894531,117.3499984741211,117.75,119.56999969482422,1047000,119.56999969482422,123.19780014038086,124.44960021972656,125.5519786977513,SPLK
2019-09-27,120.27999877929688,116.16000366210938,120.2699966430664,118.05999755859375,1475600,118.05999755859375,122.79120010375976,124.31730026245117,125.51212773424514,SPLK
2019-09-30,118.58999633789062,116.05000305175781,118.0,117.86000061035156,1280000,117.86000061035156,122.38560012817383,124.17820022583008,125.47164028914517,SPLK
2019-10-01,119.58000183105469,116.62999725341797,118.69000244140625,117.06999969482422,1136900,117.06999969482422,121.95300018310547,124.02460029602051,125.42742112812243,SPLK
2019-10-02,116.55000305175781,113.37999725341797,116.4800033569336,115.58999633789062,1332500,115.58999633789062,121.50940002441406,123.84730018615723,125.37591628628876,SPLK
2019-10-03,119.55000305175781,113.80999755859375,116.77999877929688,118.93000030517578,1179700,118.93000030517578,121.08879989624023,123.76800018310547,125.34234380722046,SPLK
2019-10-04,123.0,118.72000122070312,119.38999938964844,122.8499984741211,1548200,122.8499984741211,120.77099975585938,123.68670021057129,125.32943010083135,SPLK
2019-10-07,122.70999908447266,121.0,122.02999877929688,121.36000061035156,1031500,121.36000061035156,120.38359985351562,123.5503002166748,125.3089691240763,SPLK
2019-10-08,121.43000030517578,116.73999786376953,120.97000122070312,117.61000061035156,1918700,117.61000061035156,119.9713998413086,123.33630027770997,125.26948723426231,SPLK
2019-10-09,119.87000274658203,117.76000213623047,118.0999984741211,119.08000183105469,707200,119.08000183105469,119.6031997680664,123.16220024108887,125.23790822710309,SPLK
2019-10-10,119.77999877929688,117.69000244140625,118.94999694824219,118.1500015258789,871900,118.1500015258789,119.2599998474121,123.00040023803712,125.20192900526948,SPLK
2019-10-11,121.62999725341797,119.51000213623047,120.18000030517578,120.80999755859375,1634000,120.80999755859375,118.9749998474121,122.82580017089843,125.17974753331656,SPLK
2019-10-14,121.76000213623047,119.41999816894531,120.66999816894531,119.68000030517578,686400,119.68000030517578,118.83919982910156,122.66140022277833,125.15211061257214,SPLK
2019-10-15,121.0999984741211,119.66000366210938,119.94000244140625,119.8499984741211,858300,119.8499984741211,118.78679977416992,122.57260025024414,125.12560005187989,SPLK
2019-10-16,117.0,111.66999816894531,116.12000274658203,113.58999633789062,2958100,113.58999633789062,118.56779968261719,122.51550018310547,125.16930004119872,SPLK
2019-10-17,114.79000091552734,112.69999694824219,114.23999786376953,113.19999694824219,1194100,113.19999694824219,118.37739959716797,122.42560012817383,125.21870002746581,SPLK
2019-10-18,113.44000244140625,108.43000030517578,113.1500015258789,110.94999694824219,1607000,110.94999694824219,118.05879959106446,122.34740013122558,125.26940002441407,SPLK
2019-10-21,112.1500015258789,110.44999694824219,111.62999725341797,111.12999725341797,1816700,111.12999725341797,117.67779968261719,122.28270011901856,125.28485000610351,SPLK
2019-10-22,113.1500015258789,110.37999725341797,112.25,110.45999908447266,1413700,110.45999908447266,117.30459976196289,122.24740013122559,125.27264999389648,SPLK
2019-10-23,118.37999725341797,111.37000274658203,111.87000274658203,115.0,3063200,115.0,116.97019973754882,122.306900100708,125.27220001220704,SPLK
2019-10-24,119.75,115.56999969482422,116.44000244140625,119.69000244140625,1752500,119.69000244140625,116.85199981689453,122.38650009155273,125.29110000610352,SPLK
2019-10-25,119.72000122070312,116.87000274658203,118.18000030517578,119.58000183105469,1021600,119.58000183105469,116.77279983520508,122.47260009765625,125.30550003051758,SPLK
2019-10-28,120.75,118.94999694824219,120.22000122070312,120.0,966400,120.0,116.67699981689454,122.57760009765624,125.31965003967285,SPLK
2019-10-29,120.63999938964844,119.0,119.86000061035156,119.23999786376953,929100,119.23999786376953,116.55059982299805,122.65660011291504,125.34425003051757,SPLK
2019-10-30,120.73999786376953,118.55999755859375,120.29000091552734,120.47000122070312,958800,120.47000122070312,116.42559982299805,122.67620010375977,125.35720005035401,SPLK
2019-10-31,120.77999877929688,117.63999938964844,120.77999877929688,119.95999908447266,909000,119.95999908447266,116.25559967041016,122.7083000946045,125.37305004119872,SPLK
2019-11-01,123.16000366210938,119.44999694824219,120.62000274658203,123.11000061035156,1310900,123.11000061035156,116.34999969482422,122.77810012817383,125.3958500289917,SPLK
2019-11-04,124.43000030517578,120.33999633789062,124.01000213623047,121.02999877929688,966400,121.02999877929688,116.39939971923827,122.80600013732911,125.39740001678467,SPLK
2019-11-05,123.91000366210938,121.20999908447266,122.38999938964844,123.37000274658203,1543800,123.37000274658203,116.61599975585938,122.85730018615723,125.41935001373291,SPLK
2019-11-06,123.45999908447266,121.29000091552734,123.12000274658203,123.4000015258789,1177300,123.4000015258789,116.82459976196289,122.89810020446777,125.43915000915527,SPLK
2019-11-07,124.0,121.87000274658203,123.44999694824219,122.80000305175781,826100,122.80000305175781,117.06919982910156,122.9253002166748,125.45340003967286,SPLK
2019-11-08,125.47000122070312,122.02999877929688,123.20999908447266,125.02999877929688,1115900,125.02999877929688,117.32159973144532,122.95450019836426,125.46825004577637,SPLK
2019-11-11,125.9000015258789,124.0999984741211,124.8499984741211,124.75,985900,124.75,117.58019973754882,122.95730018615723,125.49425003051758,SPLK
2019-11-12,125.69999694824219,123.70999908447266,124.94000244140625,124.87999725341797,912200,124.87999725341797,117.91339965820312,122.9627001953125,125.5276000213623,SPLK
2019-11-13,125.18000030517578,123.66000366210938,124.87000274658203,124.72000122070312,785400,124.72000122070312,118.21379974365234,122.98060020446778,125.53730003356934,SPLK
2019-11-14,120.98999786376953,116.56999969482422,120.98999786376953,116.98999786376953,3262700,116.98999786376953,118.33999969482421,122.97060020446777,125.49805004119872,SPLK
2019-11-15,119.9000015258789,115.33000183105469,118.38999938964844,119.19999694824219,2321900,119.19999694824219,118.51679962158204,122.95500015258789,125.45755001068115,SPLK
2019-11-18,123.43000030517578,120.58000183105469,122.80999755859375,122.79000091552734,2154100,122.79000091552734,118.78299957275391,122.94060012817383,125.42735000610351,SPLK
2019-11-19,125.12000274658203,121.88999938964844,124.0,124.66000366210938,1493400,124.66000366210938,119.02199966430663,122.92970016479492,125.40285003662109,SPLK
2019-11-20,127.73999786376953,123.61000061035156,124.0,126.80999755859375,2063600,126.80999755859375,119.28039962768554,122.94450012207031,125.39584999084472,SPLK
2019-11-21,127.2300033569336,125.11000061035156,127.12000274658203,126.83999633789062,3140400,126.83999633789062,119.53899948120117,122.92850006103515,125.38899993896484,SPLK
2019-11-22,140.8000030517578,133.61000061035156,135.00999450683594,140.5,12226200,140.5,120.0759994506836,123.04040008544922,125.4370499420166,SPLK
2019-11-25,148.17999267578125,139.52999877929688,139.63999938964844,147.63999938964844,6186500,147.63999938964844,120.73239944458008,123.21360000610352,125.52064994812012,SPLK
2019-11-26,149.6999969482422,145.60000610351562,145.8000030517578,147.52000427246094,3165800,147.52000427246094,121.3079995727539,123.38470001220703,125.58689994812012,SPLK
2019-11-27,151.25999450683594,146.35000610351562,147.0,151.0,2134300,151.0,121.98939956665039,123.57110000610352,125.67284996032714,SPLK
2019-11-29,150.88999938964844,148.97000122070312,150.0,149.22000122070312,1139600,149.22000122070312,122.53619964599609,123.74119995117188,125.74629997253417,SPLK
2019-12-02,152.67999267578125,146.2100067138672,152.38999938964844,148.0399932861328,2271100,148.0399932861328,123.06499954223632,123.84739990234375,125.80524993896485,SPLK
2019-12-03,148.63999938964844,142.5,144.0,148.08999633789062,1820500,148.08999633789062,123.57199951171874,123.96009979248046,125.86489990234375,SPLK
2019-12-04,149.27999877929688,145.91000366210938,148.19000244140625,146.6199951171875,1544500,146.6199951171875,124.12579940795898,124.0413996887207,125.93239990234375,SPLK
2019-12-05,147.80999755859375,144.75999450683594,146.80999755859375,146.13999938964844,850200,146.13999938964844,124.69779937744141,124.13769973754883,126.00099990844727,SPLK
2019-12-06,148.67999267578125,145.77000427246094,147.16000366210938,147.88999938964844,985900,147.88999938964844,125.2641993713379,124.23099975585937,126.06764991760254,SPLK
2019-12-09,150.7100067138672,147.0,147.17999267578125,149.75,1962000,149.75,125.89799942016602,124.3445997619629,126.13939994812011,SPLK
2019-12-10,150.3000030517578,148.3800048828125,149.85000610351562,149.0800018310547,1312300,149.0800018310547,126.52239944458007,124.45399978637695,126.20494995117187,SPLK
2019-12-11,148.61000061035156,145.4600067138672,148.2899932861328,145.89999389648438,2844100,145.89999389648438,127.09899932861327,124.52599975585937,126.24219993591309,SPLK
2019-12-12,146.1999969482422,143.41000366210938,145.35000610351562,143.64999389648438,2141400,143.64999389648438,127.66019927978516,124.5847996520996,126.28104988098144,SPLK
2019-12-13,144.75,141.92999267578125,144.0800018310547,143.50999450683594,2354400,143.50999450683594,128.15179916381837,124.6202995300293,126.3253498840332,SPLK
2019-12-16,147.75999450683594,143.2100067138672,143.52999877929688,146.30999755859375,2187100,146.30999755859375,128.62099914550782,124.69599945068359,126.41734985351563,SPLK
2019-12-17,147.10000610351562,144.7100067138672,146.35000610351562,145.10000610351562,1448300,145.10000610351562,129.0957992553711,124.73969955444336,126.51629989624024,SPLK
2019-12-18,149.24000549316406,144.61000061035156,144.72999572753906,148.10000610351562,1891200,148.10000610351562,129.70559936523438,124.83849960327149,126.64324993133545,SPLK
2019-12-19,151.10000610351562,148.63999938964844,149.36000061035156,150.13999938964844,1946900,150.13999938964844,130.32679931640624,124.96499954223633,126.77729991912842,SPLK
2019-12-20,151.61000061035156,148.88999938964844,150.14999389648438,150.9600067138672,7348000,150.9600067138672,130.982999420166,125.12149963378906,126.91994995117187,SPLK
2019-12-23,151.5,149.5800018310547,151.5,150.0500030517578,1123100,150.0500030517578,131.5677995300293,125.2713996887207,127.04114997863769,SPLK
2019-12-24,150.77000427246094,149.7899932861328,150.22999572753906,150.35000610351562,443800,150.35000610351562,132.1811996459961,125.51019973754883,127.16895000457764,SPLK
2019-12-26,153.66000366210938,150.00999450683594,150.6300048828125,151.9199981689453,855100,151.9199981689453,132.8225996398926,125.80469970703125,127.30729999542237,SPLK
2019-12-27,152.66000366210938,149.25999450683594,152.66000366210938,151.50999450683594,885000,151.50999450683594,133.5809996032715,126.07439964294434,127.43274997711181,SPLK
2019-12-30,151.3000030517578,147.0,151.3000030517578,148.9499969482422,1008200,148.9499969482422,134.2959996032715,126.33669960021973,127.5408999633789,SPLK
2019-12-31,150.02999877929688,148.22000122070312,148.41000366210938,149.94000244140625,445535,149.94000244140625,135.07579971313476,126.5672996520996,127.64769996643066,SPLK
