Date,High,Low,Open,Close,Volume,Adj Close,50ma,100ma,200ma,Symbol
2019-01-07,74.19000244140625,73.0199966430664,73.25,73.76000213623047,2430300.0,71.3404769897461,71.3404769897461,71.3404769897461,71.3404769897461,OMC
2019-01-08,75.52999877929688,74.30000305175781,74.56999969482422,75.0,2361500.0,72.539794921875,71.94013595581055,71.94013595581055,71.94013595581055,OMC
2019-01-09,75.62000274658203,74.69000244140625,74.94000244140625,75.54000091552734,1655900.0,73.06208801269531,72.31411997477214,72.31411997477214,72.31411997477214,OMC
2019-01-10,76.45999908447266,74.97000122070312,75.26000213623047,75.94999694824219,2050100.0,73.45863342285156,72.60024833679199,72.60024833679199,72.60024833679199,OMC
2019-01-11,76.68000030517578,75.62999725341797,75.94999694824219,76.51000213623047,1928000.0,74.00027465820312,72.88025360107422,72.88025360107422,72.88025360107422,OMC
2019-01-14,76.5999984741211,75.56999969482422,75.83000183105469,75.79000091552734,1146000.0,73.30387878417969,72.95085779825847,72.95085779825847,72.95085779825847,OMC
2019-01-15,76.36000061035156,75.70999908447266,75.81999969482422,76.11000061035156,1177600.0,73.61338806152344,73.04550497872489,73.04550497872489,73.04550497872489,OMC
2019-01-16,76.0199966430664,74.29000091552734,75.9800033569336,74.66999816894531,2611400.0,72.22061920166016,72.9423942565918,72.9423942565918,72.9423942565918,OMC
2019-01-17,74.68000030517578,73.75,74.37999725341797,74.3499984741211,1949300.0,71.9111099243164,72.8278071085612,72.8278071085612,72.8278071085612,OMC
2019-01-18,76.12000274658203,74.62000274658203,74.94000244140625,76.0,2149300.0,73.50698852539062,72.89572525024414,72.89572525024414,72.89572525024414,OMC
2019-01-22,75.80000305175781,73.94000244140625,75.66999816894531,74.44999694824219,1832100.0,72.00782775878906,72.8150072964755,72.8150072964755,72.8150072964755,OMC
2019-01-23,75.33000183105469,74.29000091552734,74.68000030517578,75.26000213623047,1349800.0,72.79126739501953,72.81302897135417,72.81302897135417,72.81302897135417,OMC
2019-01-24,76.80999755859375,75.19000244140625,75.19000244140625,76.69000244140625,1654400.0,74.17436218261719,72.9177469106821,72.9177469106821,72.9177469106821,OMC
2019-01-25,77.43000030517578,76.11000061035156,77.0,76.4000015258789,1517600.0,73.89386749267578,72.98746980939593,72.98746980939593,72.98746980939593,OMC
2019-01-28,76.80000305175781,75.73999786376953,76.02999877929688,76.3499984741211,1294100.0,73.84551239013672,73.04467264811198,73.04467264811198,73.04467264811198,OMC
2019-01-29,77.62000274658203,75.66000366210938,75.94999694824219,77.48999786376953,1742400.0,74.94811248779297,73.16363763809204,73.16363763809204,73.16363763809204,OMC
2019-01-30,77.87000274658203,76.13999938964844,77.6500015258789,77.41999816894531,1300700.0,74.88040924072266,73.26462420295266,73.26462420295266,73.26462420295266,OMC
2019-01-31,77.97000122070312,77.29000091552734,77.44000244140625,77.87999725341797,1527400.0,75.3253173828125,73.37910715738933,73.37910715738933,73.37910715738933,OMC
2019-02-01,78.30000305175781,77.25,78.0999984741211,77.5999984741211,1299300.0,75.05451202392578,73.46728636089124,73.46728636089124,73.46728636089124,OMC
2019-02-04,78.12999725341797,76.70999908447266,77.23999786376953,77.83999633789062,1210900.0,75.28663635253906,73.55825386047363,73.55825386047363,73.55825386047363,OMC
2019-02-05,78.75,77.4000015258789,77.75,78.36000061035156,1213600.0,75.78958129882812,73.66450754801433,73.66450754801433,73.66450754801433,OMC
2019-02-06,78.33000183105469,74.1500015258789,78.0999984741211,74.45999908447266,3201700.0,72.01750946044922,73.58964399857955,73.58964399857955,73.58964399857955,OMC
2019-02-07,74.63999938964844,72.70999908447266,73.83999633789062,74.58000183105469,4466200.0,72.13357543945312,73.52633666992188,73.52633666992188,73.52633666992188,OMC
2019-02-08,74.72000122070312,73.72000122070312,74.37999725341797,74.69999694824219,2022200.0,72.2496337890625,73.47314071655273,73.47314071655273,73.47314071655273,OMC
2019-02-11,75.25,73.80000305175781,74.6500015258789,73.87999725341797,3549300.0,71.45653533935547,73.39247650146484,73.39247650146484,73.39247650146484,OMC
2019-02-12,76.02999877929688,71.75,76.0,74.08999633789062,5467100.0,71.65963745117188,73.32582884568434,73.32582884568434,73.32582884568434,OMC
2019-02-13,75.69999694824219,73.0999984741211,74.41999816894531,73.48999786376953,3420500.0,71.07931518554688,73.24262463604963,73.24262463604963,73.24262463604963,OMC
2019-02-14,75.01000213623047,72.63999938964844,73.5,74.27999877929688,3182800.0,71.84341430664062,73.19265283857074,73.19265283857074,73.19265283857074,OMC
2019-02-15,75.25,74.41000366210938,74.91000366210938,75.0,2550900.0,72.539794921875,73.1701404966157,73.1701404966157,73.1701404966157,OMC
2019-02-19,75.33000183105469,74.25,74.25,74.97000122070312,1842200.0,72.51078033447266,73.14816182454427,73.14816182454427,73.14816182454427,OMC
2019-02-20,75.33000183105469,74.6500015258789,75.0,75.05000305175781,1734700.0,72.5881576538086,73.13009717387538,73.13009717387538,73.13009717387538,OMC
2019-02-21,75.8499984741211,74.66000366210938,75.05000305175781,74.91000366210938,1265800.0,72.45275115966797,73.1089301109314,73.1089301109314,73.1089301109314,OMC
2019-02-22,75.9800033569336,75.1500015258789,75.2699966430664,75.62999725341797,1607300.0,73.14912414550781,73.11014811197917,73.11014811197917,73.11014811197917,OMC
2019-02-25,76.25,75.26000213623047,75.91999816894531,75.33999633789062,1715300.0,72.86863708496094,73.10304484647862,73.10304484647862,73.10304484647862,OMC
2019-02-26,76.0,74.80000305175781,75.41999816894531,75.5199966430664,1822300.0,73.04273223876953,73.10132162911552,73.10132162911552,73.10132162911552,OMC
2019-02-27,75.80000305175781,74.72000122070312,75.31999969482422,75.33999633789062,1255000.0,72.86863708496094,73.09485816955566,73.09485816955566,73.09485816955566,OMC
2019-02-28,75.7699966430664,74.91999816894531,75.55999755859375,75.69999694824219,1836800.0,73.21682739257812,73.09815463504276,73.09815463504276,73.09815463504276,OMC
2019-03-01,77.52999877929688,76.19000244140625,76.70999908447266,76.72000122070312,2130300.0,74.203369140625,73.12723922729492,73.12723922729492,73.12723922729492,OMC
2019-03-04,77.12999725341797,75.75,77.06999969482422,76.44999694824219,1471000.0,73.94223022460938,73.14813643235426,73.14813643235426,73.14813643235426,OMC
2019-03-05,76.87000274658203,76.12000274658203,76.5,76.41000366210938,1270100.0,73.9035415649414,73.16702156066894,73.16702156066894,73.16702156066894,OMC
2019-03-06,76.81999969482422,74.91000366210938,76.54000091552734,75.22000122070312,2168200.0,72.75257873535156,73.15691319907585,73.15691319907585,73.15691319907585,OMC
2019-03-07,75.55000305175781,74.33999633789062,75.2300033569336,74.45999908447266,1599800.0,72.01750946044922,73.12978453863235,73.12978453863235,73.12978453863235,OMC
2019-03-08,73.98999786376953,73.31999969482422,73.41999816894531,73.9800033569336,1713400.0,72.18338775634766,73.10777531113736,73.10777531113736,73.10777531113736,OMC
2019-03-11,75.51000213623047,73.75,74.12000274658203,75.51000213623047,2231500.0,73.67622375488281,73.12069459394975,73.12069459394975,73.12069459394975,OMC
2019-03-12,75.98999786376953,75.16000366210938,75.6500015258789,75.25,1522900.0,73.42253112792969,73.12740207248264,73.12740207248264,73.12740207248264,OMC
2019-03-13,75.87000274658203,74.88999938964844,75.41000366210938,75.08999633789062,2240800.0,73.26641845703125,73.1304241677989,73.1304241677989,73.1304241677989,OMC
2019-03-14,76.01000213623047,74.93000030517578,75.23999786376953,75.63999938964844,2108100.0,73.80306243896484,73.1447356203769,73.1447356203769,73.1447356203769,OMC
2019-03-15,75.94000244140625,75.33000183105469,75.8499984741211,75.47000122070312,2119300.0,73.63719940185547,73.15499528249104,73.15499528249104,73.15499528249104,OMC
2019-03-18,75.68000030517578,74.4000015258789,75.29000091552734,74.58000183105469,1334100.0,72.76881408691406,73.14711403360172,73.14711403360172,73.14711403360172,OMC
2019-03-19,76.26000213623047,74.55999755859375,74.73999786376953,75.70999908447266,1606600.0,73.87136840820312,73.16159912109374,73.16159912109374,73.16159912109374,OMC
2019-03-20,75.69999694824219,73.87999725341797,75.69999694824219,74.30000305175781,1525000.0,72.49561309814453,73.18470184326172,73.14854057162415,73.14854057162415,OMC
2019-03-21,75.2300033569336,73.87000274658203,73.9800033569336,75.0199966430664,1469900.0,73.19812774658203,73.19786849975586,73.14949417114258,73.14949417114258,OMC
2019-03-22,75.05999755859375,73.0199966430664,74.91000366210938,73.06999969482422,1537400.0,71.29547882080078,73.16253631591798,73.11451274943802,73.11451274943802,OMC
2019-03-25,73.41000366210938,72.08999633789062,72.77999877929688,72.23999786376953,1215700.0,70.48562622070312,73.103076171875,73.06582966557255,73.06582966557255,OMC
2019-03-26,73.0999984741211,72.36000061035156,72.44000244140625,72.5999984741211,1459000.0,70.8368911743164,73.03980850219726,73.02530351118608,73.02530351118608,OMC
2019-03-27,73.19999694824219,72.0999984741211,72.73999786376953,72.86000061035156,1370400.0,71.09058380126953,72.99554260253906,72.99075494493756,72.99075494493756,OMC
2019-03-28,73.97000122070312,72.83999633789062,73.05999755859375,73.26000213623047,1193000.0,71.48086547851562,72.95289215087891,72.96426565605297,72.96426565605297,OMC
2019-03-29,73.58999633789062,72.63999938964844,73.54000091552734,72.98999786376953,1447400.0,71.21742248535156,72.93282821655274,72.93414767035122,72.93414767035122,OMC
2019-04-01,73.87000274658203,72.94999694824219,73.29000091552734,73.62000274658203,1642400.0,71.8321304321289,72.93124862670898,72.91546941207628,72.91546941207628,OMC
2019-04-02,74.0,73.2699966430664,73.93000030517578,73.54000091552734,1475200.0,71.75406646728516,72.89619018554687,72.89611269632975,72.89611269632975,OMC
2019-04-03,74.08999633789062,73.06999969482422,73.70999908447266,73.51000213623047,1561800.0,71.72479248046875,72.89052947998047,72.87691072557793,72.87691072557793,OMC
2019-04-04,74.36000061035156,73.36000061035156,73.36000061035156,73.95999908447266,1360900.0,72.16386413574219,72.87798141479492,72.86540997412897,72.86540997412897,OMC
2019-04-05,75.5199966430664,73.48999786376953,73.94999694824219,75.16000366210938,2302800.0,73.33472442626953,72.86118865966797,72.87285940987724,72.87285940987724,OMC
2019-04-08,75.37000274658203,74.55999755859375,74.95999908447266,75.33000183105469,1116000.0,73.50059509277344,72.85332321166992,72.88266777992249,72.88266777992249,OMC
2019-04-09,75.2300033569336,74.62000274658203,74.87999725341797,74.9800033569336,1776800.0,73.15910339355469,72.83959503173828,72.88692063551683,72.88692063551683,OMC
2019-04-10,75.19999694824219,74.56999969482422,74.9800033569336,75.19000244140625,1319400.0,73.36399841308594,72.80791275024414,72.89414908669211,72.89414908669211,OMC
2019-04-11,76.54000091552734,75.37000274658203,75.56999969482422,75.66000366210938,1440600.0,73.82258605957031,72.7867562866211,72.90800635494404,72.90800635494404,OMC
2019-04-12,76.44999694824219,75.55000305175781,75.91000366210938,76.43000030517578,1607100.0,74.57388305664062,72.77172760009766,72.93250454173369,72.93250454173369,OMC
2019-04-15,77.47000122070312,76.19999694824219,76.55999755859375,76.9000015258789,3292100.0,75.03246307373047,72.77128662109375,72.96293872335683,72.96293872335683,OMC
2019-04-16,82.31999969482422,78.5,79.0,81.25,6343300.0,79.27682495117188,72.8510903930664,73.0531370980399,73.0531370980399,OMC
2019-04-17,84.11000061035156,81.5199966430664,82.05999755859375,83.80000305175781,3650700.0,81.76490020751953,72.97059677124024,73.1758379869058,73.1758379869058,OMC
2019-04-18,84.3499984741211,82.08999633789062,83.88999938964844,82.30000305175781,3979800.0,80.30133056640625,73.13627319335937,73.2748031616211,73.2748031616211,OMC
2019-04-22,82.47000122070312,81.47000122070312,82.29000091552734,81.79000091552734,2322000.0,79.8037109375,73.28967590332032,73.36424025444136,73.36424025444136,OMC
2019-04-23,81.93000030517578,80.19999694824219,81.93000030517578,80.55000305175781,2997500.0,78.59383392333984,73.41655990600586,73.4349104391562,73.4349104391562,OMC
2019-04-24,80.94000244140625,79.80000305175781,80.4800033569336,79.95999908447266,2249100.0,78.01815032958984,73.54779220581055,73.49602030436198,73.49602030436198,OMC
2019-04-25,79.98999786376953,78.86000061035156,79.91999816894531,79.5,1407400.0,77.56932067871094,73.66598587036133,73.5496163619192,73.5496163619192,OMC
2019-04-26,81.79000091552734,80.18000030517578,80.45999908447266,81.41999816894531,1964400.0,79.44269561767578,73.8332534790039,73.62614985874721,73.62614985874721,OMC
2019-04-29,82.29000091552734,80.83000183105469,81.48999786376953,80.83999633789062,1486700.0,78.87677764892578,73.97392074584961,73.69346559964694,73.69346559964694,OMC
2019-04-30,80.66999816894531,79.38999938964844,80.66999816894531,80.02999877929688,2128100.0,78.08645629882812,74.08485397338868,73.74907307685176,73.74907307685176,OMC
2019-05-01,79.94999694824219,78.86000061035156,79.93000030517578,78.97000122070312,1647900.0,77.05219268798828,74.17568222045898,73.79036207199097,73.79036207199097,OMC
2019-05-02,79.43000030517578,78.3499984741211,79.16000366210938,79.16000366210938,1723800.0,77.23757934570312,74.26867065429687,73.83292030993803,73.83292030993803,OMC
2019-05-03,80.56999969482422,79.19000244140625,79.30999755859375,80.04000091552734,1683900.0,78.0962142944336,74.38153991699218,73.88491169999286,73.88491169999286,OMC
2019-05-06,80.2699966430664,78.94000244140625,79.06999969482422,80.2300033569336,1172900.0,78.28160858154297,74.48418960571288,73.9378839515778,73.9378839515778,OMC
2019-05-07,79.66999816894531,78.61000061035156,79.41999816894531,79.11000061035156,1668500.0,77.18879699707031,74.57059280395508,73.97658529735747,73.97658529735747,OMC
2019-05-08,79.76000213623047,78.79000091552734,79.16999816894531,79.43000030517578,2219700.0,77.50102996826172,74.65975875854492,74.01804935230928,74.01804935230928,OMC
2019-05-09,79.61000061035156,78.41000366210938,79.05000305175781,79.30000305175781,1795200.0,77.37417602539062,74.74986953735352,74.05707408106605,74.05707408106605,OMC
2019-05-10,79.83000183105469,78.5999984741211,79.27999877929688,79.55000305175781,1633800.0,77.61811828613281,74.8378953552246,74.09800562365302,74.09800562365302,OMC
2019-05-13,79.0,77.91000366210938,78.36000061035156,78.23999786376953,2592800.0,76.33992767333984,74.88062652587891,74.12348201058127,74.12348201058127,OMC
2019-05-14,79.43000030517578,78.26000213623047,78.69999694824219,78.7300033569336,1140200.0,76.81802368164062,74.93814239501953,74.1537577596943,74.1537577596943,OMC
2019-05-15,80.97000122070312,78.06999969482422,79.69999694824219,79.1500015258789,1556600.0,77.22782897949219,75.00462814331054,74.18791410658095,74.18791410658095,OMC
2019-05-16,80.05999755859375,78.97000122070312,79.30000305175781,79.04000091552734,1502100.0,77.12049102783203,75.09198638916016,74.2201402265947,74.2201402265947,OMC
2019-05-17,79.91000366210938,78.05000305175781,78.29000091552734,79.51000213623047,1315400.0,77.57908630371094,75.20321792602539,74.25665051004161,74.25665051004161,OMC
2019-05-20,79.80000305175781,78.91000366210938,79.19999694824219,79.30000305175781,1248900.0,77.37417602539062,75.30703369140625,74.29017228977655,74.29017228977655,OMC
2019-05-21,80.33000183105469,79.30999755859375,79.69000244140625,80.08000183105469,1136200.0,78.13523864746094,75.39621398925782,74.3310772510285,74.3310772510285,OMC
2019-05-22,80.04000091552734,79.69000244140625,80.01000213623047,79.77999877929688,1001900.0,77.84252166748047,75.48461380004883,74.36803982383327,74.36803982383327,OMC
2019-05-23,79.25,76.98999786376953,79.02999877929688,79.19000244140625,2290700.0,77.26686096191406,75.56462265014649,74.39823587735494,74.39823587735494,OMC
2019-05-24,79.91999816894531,78.7699966430664,79.7300033569336,78.80999755859375,1170600.0,76.89608001708984,75.62648300170899,74.42398684786767,74.42398684786767,OMC
2019-05-28,79.30999755859375,78.20999908447266,78.9000015258789,78.4000015258789,2014200.0,76.49604034423828,75.68365982055664,74.44513025089186,74.44513025089186,OMC
2019-05-29,78.51000213623047,77.06999969482422,78.02999877929688,77.5,1689200.0,75.61788940429688,75.7406413269043,74.45697630294646,74.45697630294646,OMC
2019-05-30,78.30999755859375,77.38999938964844,77.55000305175781,77.54000091552734,1250600.0,75.65692138671875,75.77635238647461,74.46897575378418,74.46897575378418,OMC
2019-05-31,77.69000244140625,76.9000015258789,77.12999725341797,77.36000061035156,1928600.0,75.48129272460938,75.8360659790039,74.5103839111328,74.47899869408938,OMC
2019-06-03,77.98999786376953,76.72000122070312,77.41999816894531,77.31999969482422,1957700.0,75.44226837158203,75.88094879150391,74.53940864562988,74.48844251445695,OMC
2019-06-04,78.5199966430664,76.98999786376953,78.37999725341797,78.02999877929688,2151800.0,76.13502502441406,75.97773971557618,74.57013801574708,74.50442875241771,OMC
2019-06-05,78.69999694824219,77.93000030517578,78.4800033569336,78.26000213623047,1352700.0,76.35943603515625,76.09521591186524,74.59914604187011,74.52226536090558,OMC
2019-06-06,78.73999786376953,77.86000061035156,78.44999694824219,78.52999877929688,1707600.0,76.62287902832031,76.21093566894531,74.62537208557129,74.54227120535714,OMC
2019-06-07,79.93000030517578,79.0,79.0,79.30999755859375,1981000.0,77.38394165039062,76.33680282592773,74.6661727142334,74.56907941710274,OMC
2019-06-10,80.16000366210938,78.19000244140625,79.70999908447266,78.58999633789062,2435300.0,76.6814193725586,76.44081390380859,74.69685302734375,74.58882091201355,OMC
2019-06-11,79.55000305175781,78.62999725341797,78.83999633789062,79.20999908447266,1506900.0,77.28636932373047,76.56219284057617,74.74751052856445,74.61379821212203,OMC
2019-06-12,80.20999908447266,79.36000061035156,79.41999816894531,79.80000305175781,2559600.0,77.8620376586914,76.68279098510742,74.8070198059082,74.64359857401716,OMC
2019-06-13,80.36000061035156,79.45999908447266,79.55999755859375,80.18000030517578,2629100.0,78.87527465820312,76.82521514892578,74.86070266723632,74.68206835660068,OMC
2019-06-14,80.30999755859375,79.30000305175781,80.2699966430664,79.36000061035156,1475800.0,78.0686264038086,76.95209182739258,74.92131065368652,74.7125778885575,OMC
2019-06-17,80.23999786376953,79.08000183105469,79.33999633789062,79.80000305175781,1217300.0,78.50146484375,77.07884384155274,74.97841262817383,74.74640723637172,OMC
2019-06-18,80.93000030517578,80.05000305175781,80.26000213623047,80.13999938964844,2267100.0,78.83592987060547,77.18886795043946,75.02502830505371,74.7825977021614,OMC
2019-06-19,81.08000183105469,80.5,80.56999969482422,80.91999816894531,1909100.0,79.60324096679688,77.31092086791992,75.08212203979492,74.82488404658802,OMC
2019-06-20,81.55999755859375,79.16999816894531,81.4000015258789,80.7300033569336,2056100.0,79.41633605957031,77.43606552124024,75.13783027648925,74.86480971626614,OMC
2019-06-21,81.4800033569336,80.05000305175781,80.62000274658203,81.38999938964844,3188200.0,80.06558990478516,77.57009735107422,75.18900505065918,74.90964402823613,OMC
2019-06-24,81.62000274658203,80.41000366210938,81.37000274658203,81.44000244140625,2163600.0,80.11478424072266,77.69594131469727,75.24134880065918,74.95413240612062,OMC
2019-06-25,81.41000366210938,80.26000213623047,81.16999816894531,80.29000091552734,2874200.0,78.98348999023438,77.78413345336914,75.2779305267334,74.98827950429109,OMC
2019-06-26,81.33999633789062,80.31999969482422,80.41999816894531,80.98999786376953,2045600.0,79.67210388183594,77.87692626953125,75.3241064453125,75.02763937300995,OMC
2019-06-27,81.18000030517578,80.58000183105469,80.9800033569336,81.0,1391000.0,79.68193817138672,77.88502853393555,75.36805946350097,75.06642519632975,OMC
2019-06-28,82.13999938964844,80.98999786376953,81.19000244140625,81.94999694824219,2118900.0,80.6164779663086,77.86206008911132,75.41632843017578,75.11229340104032,OMC
2019-07-01,83.58000183105469,82.44999694824219,82.73999786376953,83.55000305175781,1614300.0,82.19044494628906,77.89984237670899,75.51805778503417,75.17031103665711,OMC
2019-07-02,83.7699966430664,82.87000274658203,83.3499984741211,83.73999786376953,1482400.0,82.37734985351562,77.95131515502929,75.6204955291748,75.22890484817628,OMC
2019-07-03,84.88999938964844,83.6500015258789,83.88999938964844,84.7699966430664,1057900.0,83.39058685302734,78.04725021362304,75.73190505981445,75.29472486434445,OMC
2019-07-05,84.7699966430664,83.44999694824219,84.37000274658203,84.75,1127500.0,83.37091064453125,78.15430541992187,75.85104881286621,75.35933435058594,OMC
2019-07-08,84.83000183105469,83.95999908447266,84.6500015258789,84.23999786376953,1416600.0,82.86921691894531,78.26030334472657,75.96314460754394,75.41893659319196,OMC
2019-07-09,84.4800033569336,83.76000213623047,84.19999694824219,84.25,2800800.0,82.8790512084961,78.32903045654297,76.08114196777343,75.47767765315498,OMC
2019-07-10,84.6500015258789,83.56999969482422,84.25,83.7699966430664,1350400.0,82.4068603515625,78.3996321105957,76.18677642822266,75.5318118929863,OMC
2019-07-11,84.04000091552734,82.94999694824219,84.04000091552734,83.6500015258789,2244300.0,82.288818359375,78.48367935180664,76.28426666259766,75.58419178807458,OMC
2019-07-12,84.75,83.6500015258789,83.87000274658203,84.69000244140625,1183300.0,83.31189727783203,78.60887344360351,76.39227783203125,75.64363567645734,OMC
2019-07-15,84.52999877929688,83.38999938964844,83.94000244140625,83.98999786376953,4160400.0,82.62327575683594,78.71658737182617,76.49262901306152,75.6969153717274,OMC
2019-07-16,85.05000305175781,84.0,84.06999969482422,84.0199966430664,3806500.0,82.65278625488281,78.80771881103516,76.59462936401367,75.74961136326645,OMC
2019-07-17,83.95999908447266,80.0199966430664,83.87999725341797,81.56999969482422,3315800.0,80.24266052246094,78.84693984985351,76.6655647277832,75.78339368777168,OMC
2019-07-18,81.62999725341797,79.91999816894531,80.9800033569336,81.3499984741211,3386800.0,80.0262451171875,78.90368881225587,76.73714080810547,75.81505675814044,OMC
2019-07-19,81.06999969482422,79.75,81.05000305175781,79.76000213623047,3460100.0,78.46212005615234,78.92291061401367,76.7913346862793,75.83466463442203,OMC
2019-07-22,80.91999816894531,79.87000274658203,79.9000015258789,80.30000305175781,2609100.0,78.99332427978516,78.95529357910156,76.85258155822754,75.85789007299087,OMC
2019-07-23,80.20999908447266,79.02999877929688,80.02999877929688,80.05000305175781,1927000.0,78.74739837646484,78.9778791809082,76.9078872680664,75.87898137447608,OMC
2019-07-24,80.91000366210938,79.68000030517578,80.33000183105469,80.69999694824219,1722300.0,79.38681030273438,79.0388168334961,76.9597216796875,75.90440042468084,OMC
2019-07-25,81.68000030517578,80.61000061035156,80.8499984741211,81.5199966430664,1033600.0,80.19347381591797,79.10632583618164,77.02223411560058,75.93525706778327,OMC
2019-07-26,82.11000061035156,81.4800033569336,81.69999694824219,81.69000244140625,1047900.0,80.36071014404297,79.16898345947266,77.0868058013916,75.96686744689941,OMC
2019-07-29,81.83000183105469,80.9800033569336,81.83000183105469,81.61000061035156,906000.0,80.28201293945312,79.23221389770508,77.16210014343261,75.99747131564094,OMC
2019-07-30,81.52999877929688,80.68000030517578,81.12000274658203,81.08000183105469,825000.0,79.76063537597656,79.27584487915038,77.23953140258789,76.0239724709954,OMC
2019-07-31,81.56999969482422,79.66999816894531,80.98999786376953,80.22000122070312,1356900.0,78.91462707519531,79.30665390014649,77.30684379577637,76.04418683885694,OMC
2019-08-01,80.88999938964844,78.87999725341797,80.30000305175781,79.25,1598800.0,77.96041107177734,79.30315734863281,77.34968566894531,76.05749395158556,OMC
2019-08-02,78.94999694824219,78.05999755859375,78.7699966430664,78.56999969482422,1482200.0,77.2914810180664,79.29213653564453,77.38837516784668,76.06600420721647,OMC
2019-08-05,77.9800033569336,76.12999725341797,77.63999938964844,76.79000091552734,1490900.0,75.54044342041016,79.25760818481446,77.41111541748047,76.06240447579998,OMC
2019-08-06,77.62000274658203,76.33000183105469,77.08999633789062,77.08000183105469,1628300.0,75.82572937011719,79.236201171875,77.43134208679199,76.06079444106744,OMC
2019-08-07,76.86000061035156,75.44000244140625,76.38999938964844,76.73999786376953,1760300.0,75.49125671386719,79.21610549926758,77.4498826599121,76.05694621318095,OMC
2019-08-08,79.05000305175781,77.38999938964844,77.56999969482422,78.80999755859375,1889200.0,77.52757263183594,79.25429916381836,77.49747024536133,76.06681618914509,OMC
2019-08-09,79.26000213623047,78.20999908447266,78.87000274658203,78.55000305175781,1229000.0,77.27181243896484,79.28659698486328,77.53147468566894,76.07484949747722,OMC
2019-08-12,78.70999908447266,77.45999908447266,78.23999786376953,77.87999725341797,1301600.0,76.61270141601562,79.3092251586914,77.57264556884766,76.07841143071256,OMC
2019-08-13,79.44000244140625,77.4000015258789,77.62000274658203,78.61000061035156,1118200.0,77.33082580566406,79.34699630737305,77.61397254943847,76.08665099896882,OMC
2019-08-14,77.80999755859375,75.81999969482422,77.52999877929688,75.9800033569336,1400200.0,74.7436294555664,79.31916839599609,77.64845405578613,76.07787308038449,OMC
2019-08-15,76.52999877929688,75.51000213623047,76.16000366210938,75.69999694824219,1288900.0,74.46817779541016,79.28134323120118,77.6882795715332,76.06742051359895,OMC
2019-08-16,77.45999908447266,75.9800033569336,76.18000030517578,77.0999984741211,1497000.0,75.84539031982422,79.26579345703125,77.73836456298828,76.06598806073589,OMC
2019-08-19,78.72000122070312,77.69000244140625,78.19999694824219,78.05999755859375,1859800.0,76.7897720336914,79.25391006469727,77.7953564453125,76.07062770158817,OMC
2019-08-20,78.06999969482422,76.73999786376953,77.80999755859375,77.44999694824219,1361300.0,76.189697265625,79.2440756225586,77.8424447631836,76.07138610645464,OMC
2019-08-21,78.0,77.12999725341797,77.97000122070312,77.29000091552734,1067900.0,76.03231048583984,79.21899444580077,77.89059364318848,76.07113879240012,OMC
2019-08-22,78.01000213623047,77.02999877929688,77.55000305175781,77.36000061035156,983100.0,76.10116577148438,79.18377700805664,77.93328399658203,76.07132764132518,OMC
2019-08-23,77.5199966430664,75.08999633789062,77.0999984741211,75.37000274658203,1371900.0,74.1435546875,79.08914260864258,77.95717887878418,76.05927906036376,OMC
2019-08-26,76.44999694824219,75.77999877929688,76.02999877929688,76.0999984741211,1176100.0,74.8616714477539,79.02500350952148,77.98854766845703,76.05184050376371,OMC
2019-08-27,76.70999908447266,75.04000091552734,76.68000030517578,75.4000015258789,1505600.0,74.17306518554688,78.93843551635742,78.00863967895508,76.0402431252562,OMC
2019-08-28,75.75,74.62999725341797,75.12000274658203,75.5999984741211,988800.0,74.36980438232422,78.8491130065918,78.01899047851562,76.02999503480876,OMC
2019-08-29,76.38999938964844,75.4800033569336,76.26000213623047,75.55999755859375,1413800.0,74.33045959472656,78.74365737915039,78.02728912353516,76.01963201383265,OMC
2019-08-30,76.33000183105469,75.7699966430664,76.08000183105469,76.05999755859375,1915300.0,74.82232666015625,78.65177719116211,78.04392135620117,76.01237561774977,OMC
2019-09-03,75.98999786376953,74.9800033569336,75.47000122070312,75.30000305175781,1524100.0,74.07469940185547,78.53195938110352,78.05102836608887,76.00070286946125,OMC
2019-09-04,76.80999755859375,75.9800033569336,76.05999755859375,76.62999725341797,1247200.0,75.38304901123047,78.43732467651367,78.06663299560547,75.99700434336405,OMC
2019-09-05,78.3499984741211,77.11000061035156,77.16000366210938,77.94000244140625,1300600.0,76.6717300415039,78.39108947753907,78.0876114654541,76.00102056775775,OMC
2019-09-06,78.80999755859375,77.51000213623047,78.22000122070312,77.54000091552734,1539000.0,76.27823638916016,78.32321212768555,78.1000691986084,76.0026608980619,OMC
2019-09-09,78.5999984741211,77.54000091552734,77.9800033569336,78.47000122070312,1125000.0,77.19310760498047,78.27343551635742,78.07923202514648,76.00966352574966,OMC
2019-09-10,82.05999755859375,78.13999938964844,78.52999877929688,82.05999755859375,2893100.0,80.72468566894531,78.27559967041016,78.06882987976074,76.03723675465723,OMC
2019-09-11,82.62999725341797,80.7300033569336,82.2699966430664,81.98999786376953,2007200.0,80.65583038330078,78.24490737915039,78.07237487792969,76.06408904319586,OMC
2019-09-12,82.05000305175781,80.22000122070312,82.01000213623047,80.80999755859375,1584200.0,79.49502563476562,78.18726089477539,78.06928802490235,76.08392104661533,OMC
2019-09-13,81.93000030517578,79.16000366210938,80.97000122070312,80.12999725341797,3525300.0,78.82608795166016,78.09597091674804,78.07161056518555,76.09968062652939,OMC
2019-09-16,79.76000213623047,78.9000015258789,79.58000183105469,78.97000122070312,1308500.0,77.68496704101562,77.98225204467774,78.0682787322998,76.10873940604074,OMC
2019-09-17,79.33000183105469,77.9800033569336,78.86000061035156,79.19000244140625,1587000.0,77.90139770507812,77.8828956604004,78.07159950256347,76.11892496455799,OMC
2019-09-18,79.55999755859375,78.55999755859375,79.16999816894531,79.25,1691000.0,77.96041107177734,77.78452285766602,78.05677665710449,76.12932884086997,OMC
2019-09-19,79.0199966430664,78.19000244140625,79.0199966430664,78.5,1200000.0,77.8612289428711,77.6936102294922,78.04662117004395,76.1390586167239,OMC
2019-09-20,78.6500015258789,77.47000122070312,78.62000274658203,77.87000274658203,2431700.0,77.23635864257812,77.59256103515625,78.03812019348145,76.14518878446611,OMC
2019-09-23,78.08000183105469,77.52999877929688,77.77999877929688,77.7300033569336,1543400.0,77.09749603271484,77.46827301025391,78.0385732269287,76.15047938028971,OMC
2019-09-24,79.22000122070312,77.75,78.0999984741211,78.69999694824219,2063200.0,78.05960083007812,77.37699951171875,78.04679344177246,76.16102701260898,OMC
2019-09-25,79.20999908447266,78.2300033569336,78.68000030517578,78.5199966430664,1359600.0,77.88106536865234,77.28156509399415,78.04464195251465,76.17047777280703,OMC
2019-09-26,78.88999938964844,76.69000244140625,78.44000244140625,76.87999725341797,1585500.0,76.25440979003906,77.2018000793457,78.02436996459961,76.17093641770994,OMC
2019-09-27,77.81999969482422,76.9800033569336,77.12000274658203,77.77999877929688,1285200.0,77.14708709716797,77.14421691894532,78.02395286560059,76.17624158444612,OMC
2019-09-30,79.11000061035156,77.88999938964844,77.88999938964844,78.30000305175781,1311900.0,77.66285705566406,77.12823165893555,78.02557113647461,76.18427734375,OMC
2019-10-01,79.55000305175781,78.06999969482422,78.75,78.12999725341797,1291000.0,77.49423217773438,77.09824981689454,78.02677169799804,76.19132011167464,OMC
2019-10-02,77.62000274658203,76.27999877929688,77.43000030517578,77.16999816894531,1884500.0,76.54204559326172,77.05414276123047,78.01601097106933,76.19319564900934,OMC
2019-10-03,77.19000244140625,75.66999816894531,77.06999969482422,75.9800033569336,2139500.0,75.36174011230469,76.97364135742187,78.00622909545899,76.1887730131758,OMC
2019-10-04,77.68000030517578,76.6500015258789,76.73999786376953,77.0199966430664,1392400.0,76.39326477050781,76.89763717651367,78.00198150634766,76.18985498014581,OMC
2019-10-07,78.0,76.94000244140625,77.08999633789062,77.0,1467100.0,76.3734359741211,76.81789169311523,77.99343757629394,76.19082119590358,OMC
2019-10-08,76.5,74.88999938964844,76.47000122070312,74.97000122070312,1897000.0,74.35995483398438,76.69945053100587,77.96583221435547,76.18123550814484,OMC
2019-10-09,75.86000061035156,74.75,75.20999908447266,74.80000305175781,1949900.0,74.19133758544922,76.58806457519532,77.93195472717285,76.17087145646413,OMC
2019-10-10,75.93000030517578,72.54000091552734,74.69999694824219,73.16999816894531,3761000.0,72.57460021972656,76.46126403808594,77.88395896911621,76.1522379267401,OMC
2019-10-11,75.30999755859375,73.2699966430664,73.5199966430664,74.6500015258789,2213400.0,74.04255676269531,76.3829069519043,77.84303215026856,76.14136328156461,OMC
2019-10-14,75.93000030517578,74.68000030517578,74.7699966430664,75.16000366210938,3099400.0,74.54840850830078,76.32804550170898,77.81009101867676,76.13319428272736,OMC
2019-10-15,76.12000274658203,74.08000183105469,74.69000244140625,75.69999694824219,3070700.0,75.0840072631836,76.31891677856446,77.78826248168946,76.1278412877297,OMC
2019-10-16,75.94999694824219,74.30000305175781,75.43000030517578,75.5199966430664,2222800.0,74.90547180175781,76.30051162719727,77.76835639953613,76.1216363664811,OMC
2019-10-17,76.31999969482422,75.16000366210938,76.08000183105469,76.02999877929688,1238400.0,75.41132354736328,76.29891296386718,77.75750923156738,76.1180489280007,OMC
2019-10-18,75.77999877929688,74.91000366210938,75.56999969482422,75.37999725341797,1858800.0,74.76661682128906,76.24369384765625,77.74899650573731,76.11125781188659,OMC
2019-10-21,75.80000305175781,75.16999816894531,75.55000305175781,75.37999725341797,1265200.0,74.76661682128906,76.19358993530274,77.740093460083,76.1045346069336,OMC
2019-10-22,76.7699966430664,75.1500015258789,75.37999725341797,76.47000122070312,1998100.0,75.84774780273438,76.1782908630371,77.74375801086425,76.12707096099854,OMC
2019-10-23,77.01000213623047,76.29000091552734,76.5199966430664,76.72000122070312,1396300.0,76.09571075439453,76.15358856201172,77.75029243469238,76.14485054016113,OMC
2019-10-24,76.87000274658203,74.93000030517578,76.7699966430664,76.48999786376953,1658100.0,75.86758422851562,76.1760676574707,77.74761802673339,76.15887802124024,OMC
2019-10-25,77.44999694824219,76.37000274658203,76.61000061035156,76.81999969482422,1118500.0,76.19490051269531,76.2106021118164,77.7459726715088,76.17255935668945,OMC
2019-10-28,77.72000122070312,76.8499984741211,76.98999786376953,77.0,1094200.0,76.3734359741211,76.22116302490234,77.7434782409668,76.18442516326904,OMC
2019-10-29,77.69999694824219,76.86000061035156,77.11000061035156,77.19000244140625,1066600.0,76.5618896484375,76.21660537719727,77.73525772094726,76.20071521759033,OMC
2019-10-30,77.37999725341797,76.26000213623047,76.95999908447266,77.36000061035156,1142500.0,76.73050689697266,76.22742156982422,77.7357485961914,76.21630081176758,OMC
2019-10-31,77.51000213623047,76.12999725341797,77.43000030517578,77.19000244140625,1217100.0,76.5618896484375,76.23801315307617,77.72850379943847,76.23800716400146,OMC
2019-11-01,77.62999725341797,76.80999755859375,77.41999816894531,77.05000305175781,1314000.0,76.42302703857422,76.24445037841797,77.71411369323731,76.26056674957276,OMC
2019-11-04,77.45999908447266,76.41999816894531,77.19999694824219,76.73999786376953,1138900.0,76.11554718017578,76.28389022827149,77.68651641845703,76.27360954284669,OMC
2019-11-05,79.04000091552734,76.81999969482422,77.11000061035156,79.0,1814300.0,78.35716247558594,76.35380004882812,77.6894017791748,76.30535621643067,OMC
2019-11-06,79.11000061035156,78.41999816894531,79.02999877929688,78.70999908447266,1290700.0,78.06951904296875,76.43172912597656,77.68508232116699,76.33174747467041,OMC
2019-11-07,80.45999908447266,79.08000183105469,79.19000244140625,80.2699966430664,1847600.0,79.6168212890625,76.53666946411133,77.69289123535157,76.35895977020263,OMC
2019-11-08,80.83999633789062,80.06999969482422,80.4000015258789,80.7699966430664,1571900.0,80.11275482177734,76.65231536865234,77.69798637390137,76.39005420684815,OMC
2019-11-11,80.19000244140625,78.76000213623047,80.0199966430664,79.11000061035156,1454300.0,78.46626281738281,76.72519409179688,77.68848564147949,76.41315795898437,OMC
2019-11-12,79.44000244140625,78.41999816894531,78.94999694824219,79.08999633789062,1345500.0,78.44642639160156,76.81262863159179,77.67229400634766,76.43064952850342,OMC
2019-11-13,79.08000183105469,77.91999816894531,79.08000183105469,77.98999786376953,1780900.0,77.35537719726562,76.8520751953125,77.64469993591308,76.44302436828613,OMC
2019-11-14,78.75,77.80999755859375,77.81999969482422,78.55999755859375,1380400.0,77.92073822021484,76.87705535888672,77.6340724182129,76.45600147247315,OMC
2019-11-15,79.1500015258789,78.16999816894531,79.06999969482422,78.79000091552734,3382400.0,78.14887237548828,76.91446807861328,77.61884010314941,76.47147327423096,OMC
2019-11-18,78.58000183105469,77.06999969482422,78.58000183105469,78.23999786376953,1611600.0,77.60334014892578,76.92267272949219,77.59805412292481,76.4830567932129,OMC
2019-11-19,78.79000091552734,78.12999725341797,78.66999816894531,78.66999816894531,1108600.0,78.02984619140625,76.8687759399414,77.57218780517579,76.49425811767578,OMC
2019-11-20,78.5999984741211,77.37000274658203,78.2300033569336,77.5,1518500.0,76.8693618774414,76.79304656982421,77.5189769744873,76.51851737976074,OMC
2019-11-21,78.20999908447266,77.0,77.48999786376953,77.94999694824219,1119100.0,77.3156967163086,76.74945999145508,77.46836044311523,76.54442798614502,OMC
2019-11-22,78.48999786376953,77.80000305175781,78.2699966430664,77.94999694824219,882200.0,77.3156967163086,76.71925216674805,77.40761154174805,76.56975830078125,OMC
2019-11-25,79.04000091552734,78.05999755859375,78.33000183105469,78.91000366210938,1275900.0,78.26789855957031,76.73091079711914,77.35658142089844,76.60381511688233,OMC
2019-11-26,79.33999633789062,78.5999984741211,79.18000030517578,79.2699966430664,1305400.0,78.62496185302734,76.74538208007813,77.31413887023926,76.63864173889161,OMC
2019-11-27,80.20999908447266,79.44999694824219,79.95999908447266,79.94999694824219,1218600.0,79.29942321777344,76.77216232299804,77.27834259033203,76.67974227905273,OMC
2019-11-29,80.08999633789062,79.45999908447266,80.0,79.4800033569336,984000.0,78.83325958251953,76.79160293579102,77.2426065826416,76.71469150543213,OMC
2019-12-02,79.81999969482422,79.0,79.5,79.37000274658203,1465900.0,78.72415161132812,76.82135879516602,77.20695991516114,76.7456132888794,OMC
2019-12-03,78.75,77.19999694824219,78.7300033569336,78.37999725341797,978400.0,77.74220275878906,76.8342529296875,77.1512629699707,76.77177040100098,OMC
2019-12-04,79.12999725341797,78.06999969482422,78.36000061035156,78.63999938964844,1187200.0,78.00009155273438,76.83306274414062,77.10503112792969,76.79883007049561,OMC
2019-12-05,79.44999694824219,78.54000091552734,78.76000213623047,79.30000305175781,1041700.0,78.65472412109375,76.84853591918946,77.0650505065918,76.82983993530273,OMC
2019-12-06,80.12000274658203,79.70999908447266,80.02999877929688,79.94999694824219,1247500.0,79.29942321777344,76.90943618774413,77.05561813354493,76.86059143066406,OMC
2019-12-09,80.30000305175781,79.55999755859375,79.76000213623047,80.05999755859375,1439500.0,79.40853118896484,76.95466506958007,77.0494409942627,76.89329090118409,OMC
2019-12-10,80.80999755859375,79.51000213623047,80.05000305175781,80.38999938964844,1479100.0,79.73584747314453,76.99612487792969,77.06217826843262,76.92675647735595,OMC
2019-12-11,81.38999938964844,80.19000244140625,80.79000091552734,80.83999633789062,1687400.0,80.18218231201172,77.04988388061524,77.07406684875488,76.96332420349121,OMC
2019-12-12,82.31999969482422,80.58000183105469,81.0,82.2300033569336,1205700.0,81.56088256835938,77.1502606201172,77.10220169067382,77.00504447937011,OMC
2019-12-13,82.7300033569336,81.80999755859375,82.33999633789062,82.04000091552734,1352600.0,81.37242126464844,77.27047424316406,77.12205780029296,77.04088973999023,OMC
2019-12-16,82.69000244140625,81.11000061035156,82.44000244140625,81.7699966430664,1460900.0,81.1046142578125,77.36470123291015,77.13116920471191,77.07670166015625,OMC
2019-12-17,81.54000091552734,80.76000213623047,81.4000015258789,81.01000213623047,1682700.0,80.3508071899414,77.44424865722657,77.1310701751709,77.10893798828126,OMC
2019-12-18,81.19000244140625,79.83999633789062,81.0,79.87999725341797,1800100.0,79.22999572753906,77.54164947509766,77.12055000305176,77.14132507324219,OMC
2019-12-19,79.76000213623047,79.19999694824219,79.44000244140625,79.61000061035156,1834700.0,79.61000061035156,77.6500227355957,77.1190436553955,77.1792875289917,OMC
2019-12-20,81.47000122070312,79.88999938964844,80.11000061035156,80.83000183105469,2851100.0,80.83000183105469,77.81513076782227,77.1381974029541,77.22252059936524,OMC
2019-12-23,81.05999755859375,80.3499984741211,80.86000061035156,80.70999908447266,1108700.0,80.70999908447266,77.9484796142578,77.16569328308105,77.25768947601318,OMC
2019-12-24,81.0999984741211,80.5199966430664,80.83000183105469,80.83999633789062,325100.0,80.83999633789062,78.07431137084961,77.20117843627929,77.29477680206298,OMC
2019-12-26,81.01000213623047,80.62999725341797,80.77999877929688,80.9000015258789,665100.0,80.9000015258789,78.19063125610352,77.25477401733399,77.33294471740723,OMC
2019-12-27,81.33999633789062,80.79000091552734,81.19999694824219,80.83999633789062,674300.0,80.83999633789062,78.30932174682617,77.30491668701171,77.36812938690186,OMC
2019-12-30,81.30999755859375,80.70999908447266,81.2300033569336,80.91000366210938,767100.0,80.91000366210938,78.4192953491211,77.35910415649414,77.40449340820312,OMC
2019-12-31,81.0199966430664,80.5,80.66000366210938,81.0199966430664,1148700.0,81.0199966430664,78.54436294555664,77.39402839660644,77.4457493209839,OMC
2020-01-02,81.16999816894531,78.95999908447266,81.1500015258789,79.87000274658203,1951400.0,79.87000274658203,78.6464306640625,77.42001029968262,77.47574249267578,OMC
2020-01-03,80.01000213623047,78.87999725341797,79.0,79.93000030517578,1018300.0,79.93000030517578,78.72807571411133,77.45318328857422,77.51291442871094,OMC
2020-01-06,79.66999816894531,78.95999908447266,79.38999938964844,79.52999877929688,1436600.0,79.52999877929688,78.79676147460937,77.47517501831055,77.54457378387451,OMC
2020-01-07,80.04000091552734,78.97000122070312,79.80000305175781,79.11000061035156,1512816.0,79.11000061035156,78.8616098022461,77.5188387298584,77.58364639282226,OMC
